"","OOB","chicago-house","dancehall","detroit-techno","hip-hop","kids","latin","latino","minimal-techno","reggae","reggaeton"
"1",0.695754716981132,0.580985915492958,0.646048109965636,0.578073089700997,0.663430420711974,0.652631578947368,0.764309764309764,0.867595818815331,0.492163009404389,0.823321554770318,0.900641025641026
"2",0.704989604989605,0.583700440528634,0.668103448275862,0.613861386138614,0.668,0.629237288135593,0.775967413441955,0.866952789699571,0.492783505154639,0.843551797040169,0.904
"3",0.693815987933635,0.547993019197208,0.627318718381113,0.62847790507365,0.664516129032258,0.605536332179931,0.752845528455285,0.855442176870748,0.495769881556684,0.849407783417936,0.901153212520593
"4",0.690798275605768,0.56989247311828,0.593703148425787,0.601190476190476,0.647308781869688,0.619909502262443,0.761973875181422,0.849085365853659,0.499263622974963,0.864179104477612,0.902077151335312
"5",0.685749930690324,0.547383309759547,0.59020979020979,0.600274725274725,0.646900269541779,0.595774647887324,0.768809849521204,0.865168539325843,0.470180305131761,0.862210095497954,0.907692307692308
"6",0.682943054816392,0.536290322580645,0.575067024128686,0.605577689243028,0.645751633986928,0.593197278911565,0.755844155844156,0.864541832669323,0.478436657681941,0.845751633986928,0.920592193808883
"7",0.677721420210691,0.548216644649934,0.56413612565445,0.59037711313394,0.644955300127714,0.556149732620321,0.751262626262626,0.876140808344198,0.460732984293194,0.85823754789272,0.917322834645669
"8",0.677733623894373,0.537254901960784,0.55741935483871,0.565941101152369,0.652392947103275,0.566186107470511,0.749379652605459,0.897172236503856,0.44,0.871374527112232,0.931258106355383
"9",0.674153026265702,0.511627906976744,0.550576184379001,0.575949367088608,0.648883374689826,0.5627425614489,0.75,0.88212927756654,0.449553001277139,0.867001254705144,0.935567010309278
"10",0.665993690851735,0.514800514800515,0.544642857142857,0.563522012578616,0.631970260223048,0.528957528957529,0.750920245398773,0.885534591194969,0.430025445292621,0.866004962779156,0.932311621966794
"11",0.667337188835806,0.526315789473684,0.532911392405063,0.566958698372966,0.635802469135803,0.523136246786632,0.753676470588235,0.887359198998748,0.435994930291508,0.868974042027194,0.931210191082803
"12",0.663907700025081,0.51025641025641,0.538558786346397,0.55875,0.621454993834772,0.52112676056338,0.746031746031746,0.880299251870324,0.437420986093552,0.8769987699877,0.936386768447837
"13",0.658652642123717,0.508974358974359,0.513888888888889,0.55860349127182,0.604679802955665,0.514687100893997,0.744810744810745,0.87546699875467,0.434343434343434,0.885749385749386,0.932826362484157
"14",0.655612564134652,0.498079385403329,0.508838383838384,0.569115815691158,0.592364532019704,0.521072796934866,0.74390243902439,0.868159203980099,0.434343434343434,0.869938650306748,0.937896070975919
"15",0.653114836127095,0.487836107554417,0.522068095838588,0.552926525529265,0.608374384236453,0.498084291187739,0.738124238733252,0.884472049689441,0.420454545454545,0.87239263803681,0.932826362484157
"16",0.649906191369606,0.492957746478873,0.486759142496847,0.539227895392279,0.61576354679803,0.508928571428571,0.738124238733252,0.875776397515528,0.42550505050505,0.867484662576687,0.935361216730038
"17",0.647992997374015,0.482714468629962,0.505674653215637,0.541044776119403,0.605911330049261,0.5,0.735688185140073,0.880745341614907,0.417402269861286,0.868711656441718,0.929024081115336
"18",0.646036509127282,0.47887323943662,0.503152585119798,0.53416149068323,0.598522167487685,0.497448979591837,0.730816077953715,0.888198757763975,0.416141235813367,0.869938650306748,0.930291508238276
"19",0.64291072768192,0.47247119078105,0.498108448928121,0.527950310559006,0.5935960591133,0.493622448979592,0.729598051157126,0.884472049689441,0.406052963430013,0.87361963190184,0.936628643852979
"20",0.642410602650663,0.475032010243278,0.489281210592686,0.535403726708075,0.598522167487685,0.487244897959184,0.721071863580999,0.895652173913044,0.407313997477932,0.867484662576687,0.934093789607098
"21",0.640875,0.480153649167734,0.490542244640605,0.535403726708075,0.595325953259533,0.470663265306122,0.723507917174178,0.883229813664596,0.406052963430013,0.87239263803681,0.937974683544304
"22",0.63825,0.45966709346991,0.486759142496847,0.524223602484472,0.587945879458795,0.473214285714286,0.719853836784409,0.888198757763975,0.417402269861286,0.868711656441718,0.943037974683544
"23",0.637125,0.458386683738796,0.48297604035309,0.518012422360248,0.600246002460025,0.470663265306122,0.728380024360536,0.893167701863354,0.390920554854981,0.877300613496933,0.936708860759494
"24",0.6335,0.446862996158771,0.480453972257251,0.515527950310559,0.589175891758918,0.461734693877551,0.721071863580999,0.898136645962733,0.395964691046658,0.880981595092025,0.930379746835443
"25",0.631,0.443021766965429,0.467843631778058,0.514285714285714,0.587945879458795,0.466836734693878,0.724725943970767,0.893167701863354,0.385876418663304,0.874846625766871,0.936708860759494
"26",0.63225,0.443021766965429,0.465321563682219,0.509316770186335,0.59409594095941,0.469387755102041,0.727161997563946,0.896894409937888,0.384615384615385,0.874846625766871,0.943037974683544
"27",0.63125,0.451984635083227,0.455233291298865,0.509316770186335,0.602706027060271,0.464285714285714,0.722289890377588,0.890683229813665,0.382093316519546,0.877300613496933,0.941772151898734
"28",0.628875,0.435339308578745,0.453972257250946,0.514285714285714,0.600246002460025,0.465561224489796,0.71863580998782,0.88695652173913,0.383354350567465,0.876073619631902,0.939240506329114
"29",0.629875,0.444302176696543,0.450189155107188,0.519254658385093,0.592865928659287,0.455357142857143,0.721071863580999,0.895652173913044,0.382093316519546,0.880981595092025,0.941772151898734
"30",0.630625,0.441741357234315,0.451450189155107,0.514285714285714,0.597785977859779,0.451530612244898,0.733252131546894,0.893167701863354,0.380832282471627,0.883435582822086,0.943037974683544
"31",0.629375,0.432778489116517,0.44640605296343,0.51304347826087,0.601476014760148,0.446428571428571,0.725943970767357,0.88944099378882,0.380832282471627,0.89079754601227,0.950632911392405
"32",0.627375,0.436619718309859,0.440100882723834,0.509316770186335,0.595325953259533,0.448979591836735,0.722289890377588,0.891925465838509,0.378310214375788,0.887116564417178,0.948101265822785
"33",0.626625,0.434058898847631,0.447667087011349,0.501863354037267,0.589175891758918,0.450255102040816,0.728380024360536,0.884472049689441,0.378310214375788,0.887116564417178,0.949367088607595
"34",0.6285,0.440460947503201,0.451450189155107,0.506832298136646,0.585485854858549,0.443877551020408,0.736906211936663,0.88944099378882,0.384615384615385,0.879754601226994,0.950632911392405
"35",0.627375,0.434058898847631,0.44640605296343,0.51304347826087,0.587945879458795,0.446428571428571,0.729598051157126,0.88944099378882,0.373266078184111,0.884662576687117,0.953164556962025
"36",0.62675,0.443021766965429,0.437578814627995,0.506832298136646,0.585485854858549,0.440051020408163,0.729598051157126,0.900621118012422,0.369482976040353,0.887116564417178,0.951898734177215
"37",0.62475,0.443021766965429,0.435056746532156,0.495652173913044,0.590405904059041,0.427295918367347,0.741778319123021,0.895652173913044,0.366960907944515,0.882208588957055,0.953164556962025
"38",0.627625,0.441741357234315,0.433795712484237,0.504347826086956,0.59409594095941,0.436224489795918,0.738124238733252,0.893167701863354,0.37578814627995,0.882208588957055,0.960759493670886
"39",0.62375,0.446862996158771,0.426229508196721,0.494409937888199,0.590405904059041,0.434948979591837,0.730816077953715,0.893167701863354,0.360655737704918,0.889570552147239,0.954430379746835
"40",0.626125,0.440460947503201,0.440100882723834,0.506832298136646,0.586715867158672,0.42984693877551,0.739342265529842,0.893167701863354,0.366960907944515,0.887116564417178,0.954430379746835
"41",0.622875,0.435339308578745,0.435056746532156,0.495652173913044,0.585485854858549,0.434948979591837,0.733252131546894,0.896894409937888,0.355611601513241,0.888343558282209,0.951898734177215
"42",0.6225,0.437900128040973,0.430012610340479,0.504347826086956,0.585485854858549,0.432397959183673,0.732034104750305,0.88944099378882,0.364438839848676,0.878527607361963,0.954430379746835
"43",0.62175,0.432778489116517,0.419924337957125,0.501863354037267,0.583025830258303,0.434948979591837,0.734470158343484,0.891925465838509,0.364438839848676,0.880981595092025,0.956962025316456
"44",0.622625,0.435339308578745,0.430012610340479,0.506832298136646,0.579335793357934,0.42219387755102,0.738124238733252,0.894409937888199,0.364438839848676,0.883435582822086,0.955696202531646
"45",0.621375,0.444302176696543,0.42875157629256,0.503105590062112,0.584255842558426,0.420918367346939,0.739342265529842,0.888198757763975,0.35687263556116,0.882208588957055,0.949367088607595
"46",0.62375,0.441741357234315,0.424968474148802,0.506832298136646,0.579335793357934,0.4375,0.739342265529842,0.893167701863354,0.35687263556116,0.883435582822086,0.958227848101266
"47",0.622625,0.440460947503201,0.427490542244641,0.511801242236025,0.586715867158672,0.418367346938776,0.735688185140073,0.891925465838509,0.35687263556116,0.884662576687117,0.955696202531646
"48",0.622875,0.441741357234315,0.426229508196721,0.498136645962733,0.592865928659287,0.420918367346939,0.736906211936663,0.894409937888199,0.361916771752837,0.884662576687117,0.954430379746835
"49",0.622,0.431498079385403,0.423707440100883,0.495652173913044,0.601476014760148,0.418367346938776,0.735688185140073,0.895652173913044,0.359394703656999,0.885889570552147,0.955696202531646
"50",0.618375,0.428937259923175,0.417402269861286,0.495652173913044,0.589175891758918,0.42219387755102,0.730816077953715,0.896894409937888,0.353089533417402,0.878527607361963,0.954430379746835
"51",0.618125,0.422535211267606,0.418663303909206,0.498136645962733,0.592865928659287,0.42219387755102,0.734470158343484,0.881987577639752,0.35687263556116,0.882208588957055,0.954430379746835
"52",0.61675,0.419974391805378,0.421185372005044,0.499378881987578,0.584255842558426,0.414540816326531,0.730816077953715,0.884472049689441,0.351828499369483,0.888343558282209,0.955696202531646
"53",0.618375,0.426376440460948,0.419924337957125,0.496894409937888,0.583025830258303,0.420918367346939,0.734470158343484,0.88944099378882,0.354350567465322,0.887116564417178,0.954430379746835
"54",0.616125,0.425096030729834,0.421185372005044,0.490683229813665,0.592865928659287,0.408163265306122,0.735688185140073,0.880745341614907,0.351828499369483,0.883435582822086,0.954430379746835
"55",0.617,0.426376440460948,0.418663303909206,0.498136645962733,0.583025830258303,0.410714285714286,0.728380024360536,0.893167701863354,0.346784363177806,0.889570552147239,0.958227848101266
"56",0.619875,0.430217669654289,0.422446406052963,0.501863354037267,0.591635916359164,0.419642857142857,0.733252131546894,0.88944099378882,0.348045397225725,0.885889570552147,0.959493670886076
"57",0.618125,0.426376440460948,0.418663303909206,0.494409937888199,0.587945879458795,0.417091836734694,0.730816077953715,0.894409937888199,0.353089533417402,0.888343558282209,0.953164556962025
"58",0.61875,0.427656850192061,0.42875157629256,0.48695652173913,0.591635916359164,0.417091836734694,0.736906211936663,0.891925465838509,0.346784363177806,0.888343558282209,0.954430379746835
"59",0.61925,0.432778489116517,0.435056746532156,0.491925465838509,0.580565805658057,0.415816326530612,0.733252131546894,0.891925465838509,0.350567465321564,0.89079754601227,0.953164556962025
"60",0.617,0.427656850192061,0.426229508196721,0.48695652173913,0.586715867158672,0.413265306122449,0.734470158343484,0.893167701863354,0.340479192938209,0.888343558282209,0.955696202531646
"61",0.617125,0.42381562099872,0.427490542244641,0.488198757763975,0.576875768757688,0.413265306122449,0.733252131546894,0.901863354037267,0.349306431273644,0.883435582822086,0.956962025316456
"62",0.616625,0.426376440460948,0.42875157629256,0.491925465838509,0.575645756457565,0.414540816326531,0.732034104750305,0.88944099378882,0.345523329129886,0.884662576687117,0.960759493670886
"63",0.615625,0.428937259923175,0.418663303909206,0.491925465838509,0.58179581795818,0.411989795918367,0.727161997563946,0.898136645962733,0.340479192938209,0.884662576687117,0.955696202531646
"64",0.615875,0.426376440460948,0.430012610340479,0.485714285714286,0.579335793357934,0.405612244897959,0.730816077953715,0.896894409937888,0.343001261034048,0.883435582822086,0.960759493670886
"65",0.616125,0.430217669654289,0.421185372005044,0.490683229813665,0.58179581795818,0.414540816326531,0.734470158343484,0.898136645962733,0.340479192938209,0.878527607361963,0.954430379746835
"66",0.614875,0.425096030729834,0.431273644388398,0.490683229813665,0.578105781057811,0.404336734693878,0.729598051157126,0.893167701863354,0.340479192938209,0.880981595092025,0.958227848101266
"67",0.61625,0.422535211267606,0.422446406052963,0.496894409937888,0.583025830258303,0.406887755102041,0.733252131546894,0.903105590062112,0.337957124842371,0.879754601226994,0.959493670886076
"68",0.614,0.422535211267606,0.426229508196721,0.485714285714286,0.580565805658057,0.403061224489796,0.732034104750305,0.900621118012422,0.335435056746532,0.879754601226994,0.956962025316456
"69",0.612875,0.42381562099872,0.417402269861286,0.490683229813665,0.575645756457565,0.404336734693878,0.734470158343484,0.895652173913044,0.336696090794451,0.878527607361963,0.954430379746835
"70",0.6145,0.430217669654289,0.418663303909206,0.498136645962733,0.574415744157442,0.410714285714286,0.733252131546894,0.88944099378882,0.336696090794451,0.878527607361963,0.958227848101266
"71",0.614375,0.428937259923175,0.419924337957125,0.496894409937888,0.578105781057811,0.400510204081633,0.725943970767357,0.899378881987578,0.336696090794451,0.882208588957055,0.958227848101266
"72",0.611,0.425096030729834,0.409836065573771,0.493167701863354,0.579335793357934,0.400510204081633,0.727161997563946,0.898136645962733,0.331651954602774,0.874846625766871,0.953164556962025
"73",0.613625,0.425096030729834,0.417402269861286,0.48944099378882,0.580565805658057,0.408163265306122,0.729598051157126,0.903105590062112,0.334174022698613,0.876073619631902,0.955696202531646
"74",0.61325,0.425096030729834,0.414880201765448,0.488198757763975,0.575645756457565,0.411989795918367,0.733252131546894,0.896894409937888,0.332912988650694,0.879754601226994,0.956962025316456
"75",0.613875,0.422535211267606,0.408575031525851,0.500621118012422,0.58179581795818,0.415816326530612,0.723507917174178,0.896894409937888,0.337957124842371,0.874846625766871,0.959493670886076
"76",0.612,0.421254801536492,0.41109709962169,0.485714285714286,0.570725707257073,0.411989795918367,0.734470158343484,0.895652173913044,0.335435056746532,0.879754601226994,0.956962025316456
"77",0.61225,0.430217669654289,0.41109709962169,0.488198757763975,0.576875768757688,0.403061224489796,0.728380024360536,0.898136645962733,0.329129886506936,0.883435582822086,0.956962025316456
"78",0.61325,0.421254801536492,0.416141235813367,0.494409937888199,0.576875768757688,0.406887755102041,0.732034104750305,0.896894409937888,0.334174022698613,0.878527607361963,0.958227848101266
"79",0.61175,0.422535211267606,0.407313997477932,0.495652173913044,0.574415744157442,0.403061224489796,0.733252131546894,0.900621118012422,0.327868852459016,0.879754601226994,0.955696202531646
"80",0.61325,0.431498079385403,0.416141235813367,0.488198757763975,0.574415744157442,0.409438775510204,0.730816077953715,0.895652173913044,0.331651954602774,0.880981595092025,0.956962025316456
"81",0.6105,0.418693982074264,0.412358133669609,0.484472049689441,0.568265682656827,0.404336734693878,0.728380024360536,0.899378881987578,0.329129886506936,0.882208588957055,0.960759493670886
"82",0.61125,0.419974391805378,0.413619167717528,0.488198757763975,0.576875768757688,0.405612244897959,0.727161997563946,0.895652173913044,0.326607818411097,0.880981595092025,0.960759493670886
"83",0.611375,0.425096030729834,0.419924337957125,0.481987577639752,0.576875768757688,0.404336734693878,0.728380024360536,0.891925465838509,0.325346784363178,0.884662576687117,0.958227848101266
"84",0.612,0.422535211267606,0.418663303909206,0.488198757763975,0.576875768757688,0.406887755102041,0.724725943970767,0.891925465838509,0.326607818411097,0.888343558282209,0.958227848101266
"85",0.612375,0.426376440460948,0.409836065573771,0.490683229813665,0.574415744157442,0.408163265306122,0.729598051157126,0.888198757763975,0.332912988650694,0.885889570552147,0.960759493670886
"86",0.61125,0.41741357234315,0.413619167717528,0.48944099378882,0.573185731857319,0.405612244897959,0.732034104750305,0.893167701863354,0.332912988650694,0.880981595092025,0.956962025316456
"87",0.609125,0.42381562099872,0.407313997477932,0.483229813664596,0.567035670356704,0.406887755102041,0.727161997563946,0.88944099378882,0.330390920554855,0.883435582822086,0.955696202531646
"88",0.6115,0.428937259923175,0.409836065573771,0.48695652173913,0.58179581795818,0.404336734693878,0.725943970767357,0.88944099378882,0.331651954602774,0.883435582822086,0.955696202531646
"89",0.61175,0.428937259923175,0.416141235813367,0.48944099378882,0.583025830258303,0.401785714285714,0.725943970767357,0.884472049689441,0.329129886506936,0.885889570552147,0.955696202531646
"90",0.612875,0.426376440460948,0.414880201765448,0.490683229813665,0.585485854858549,0.401785714285714,0.727161997563946,0.888198757763975,0.332912988650694,0.887116564417178,0.956962025316456
"91",0.61275,0.422535211267606,0.424968474148802,0.488198757763975,0.584255842558426,0.406887755102041,0.724725943970767,0.885714285714286,0.330390920554855,0.885889570552147,0.956962025316456
"92",0.612875,0.421254801536492,0.419924337957125,0.480745341614907,0.584255842558426,0.400510204081633,0.733252131546894,0.890683229813665,0.335435056746532,0.885889570552147,0.959493670886076
"93",0.612125,0.426376440460948,0.413619167717528,0.495652173913044,0.574415744157442,0.401785714285714,0.724725943970767,0.893167701863354,0.331651954602774,0.884662576687117,0.958227848101266
"94",0.612,0.426376440460948,0.417402269861286,0.490683229813665,0.56949569495695,0.401785714285714,0.723507917174178,0.891925465838509,0.336696090794451,0.885889570552147,0.959493670886076
"95",0.6115,0.419974391805378,0.422446406052963,0.485714285714286,0.573185731857319,0.396683673469388,0.728380024360536,0.893167701863354,0.331651954602774,0.885889570552147,0.960759493670886
"96",0.61425,0.422535211267606,0.419924337957125,0.48944099378882,0.579335793357934,0.409438775510204,0.727161997563946,0.894409937888199,0.335435056746532,0.887116564417178,0.960759493670886
"97",0.614,0.422535211267606,0.416141235813367,0.491925465838509,0.576875768757688,0.410714285714286,0.729598051157126,0.893167701863354,0.332912988650694,0.888343558282209,0.960759493670886
"98",0.610875,0.413572343149808,0.413619167717528,0.484472049689441,0.570725707257073,0.401785714285714,0.732034104750305,0.893167701863354,0.332912988650694,0.888343558282209,0.960759493670886
"99",0.61225,0.41101152368758,0.416141235813367,0.498136645962733,0.570725707257073,0.405612244897959,0.734470158343484,0.898136645962733,0.326607818411097,0.885889570552147,0.958227848101266
"100",0.6125,0.412291933418694,0.416141235813367,0.499378881987578,0.570725707257073,0.396683673469388,0.735688185140073,0.895652173913044,0.335435056746532,0.884662576687117,0.960759493670886
"101",0.611625,0.413572343149808,0.413619167717528,0.494409937888199,0.574415744157442,0.403061224489796,0.730816077953715,0.891925465838509,0.327868852459016,0.885889570552147,0.963291139240506
"102",0.613125,0.414852752880922,0.413619167717528,0.500621118012422,0.573185731857319,0.404336734693878,0.730816077953715,0.895652173913044,0.330390920554855,0.887116564417178,0.963291139240506
"103",0.611875,0.413572343149808,0.408575031525851,0.500621118012422,0.573185731857319,0.399234693877551,0.732034104750305,0.893167701863354,0.332912988650694,0.885889570552147,0.962025316455696
"104",0.611,0.414852752880922,0.408575031525851,0.495652173913044,0.570725707257073,0.401785714285714,0.730816077953715,0.894409937888199,0.329129886506936,0.884662576687117,0.962025316455696
"105",0.61325,0.412291933418694,0.41109709962169,0.499378881987578,0.580565805658057,0.406887755102041,0.730816077953715,0.891925465838509,0.331651954602774,0.885889570552147,0.964556962025316
"106",0.612125,0.409731113956466,0.412358133669609,0.496894409937888,0.575645756457565,0.400510204081633,0.735688185140073,0.890683229813665,0.332912988650694,0.883435582822086,0.965822784810127
"107",0.61175,0.412291933418694,0.413619167717528,0.493167701863354,0.574415744157442,0.404336734693878,0.730816077953715,0.894409937888199,0.327868852459016,0.884662576687117,0.964556962025316
"108",0.612125,0.41101152368758,0.412358133669609,0.503105590062112,0.571955719557196,0.408163265306122,0.729598051157126,0.88944099378882,0.332912988650694,0.883435582822086,0.962025316455696
"109",0.612,0.412291933418694,0.412358133669609,0.501863354037267,0.574415744157442,0.400510204081633,0.732034104750305,0.88944099378882,0.326607818411097,0.887116564417178,0.965822784810127
"110",0.610875,0.40460947503201,0.414880201765448,0.508074534161491,0.571955719557196,0.396683673469388,0.725943970767357,0.891925465838509,0.325346784363178,0.888343558282209,0.963291139240506
"111",0.612375,0.408450704225352,0.414880201765448,0.505590062111801,0.579335793357934,0.396683673469388,0.732034104750305,0.891925465838509,0.326607818411097,0.888343558282209,0.962025316455696
"112",0.610375,0.408450704225352,0.417402269861286,0.491925465838509,0.570725707257073,0.395408163265306,0.732034104750305,0.893167701863354,0.324085750315258,0.888343558282209,0.964556962025316
"113",0.6105,0.403329065300896,0.407313997477932,0.499378881987578,0.576875768757688,0.400510204081633,0.729598051157126,0.893167701863354,0.326607818411097,0.887116564417178,0.963291139240506
"114",0.611625,0.41101152368758,0.414880201765448,0.498136645962733,0.579335793357934,0.394132653061224,0.728380024360536,0.895652173913044,0.327868852459016,0.885889570552147,0.963291139240506
"115",0.612625,0.412291933418694,0.41109709962169,0.505590062111801,0.574415744157442,0.396683673469388,0.729598051157126,0.899378881987578,0.326607818411097,0.888343558282209,0.964556962025316
"116",0.6125,0.412291933418694,0.413619167717528,0.500621118012422,0.574415744157442,0.401785714285714,0.729598051157126,0.899378881987578,0.322824716267339,0.887116564417178,0.965822784810127
"117",0.6115,0.413572343149808,0.402269861286255,0.493167701863354,0.58179581795818,0.399234693877551,0.732034104750305,0.900621118012422,0.326607818411097,0.885889570552147,0.962025316455696
"118",0.612125,0.414852752880922,0.407313997477932,0.498136645962733,0.574415744157442,0.399234693877551,0.734470158343484,0.903105590062112,0.324085750315258,0.885889570552147,0.962025316455696
"119",0.611625,0.416133162612036,0.403530895334174,0.495652173913044,0.579335793357934,0.403061224489796,0.729598051157126,0.905590062111801,0.322824716267339,0.885889570552147,0.956962025316456
"120",0.612375,0.414852752880922,0.404791929382093,0.498136645962733,0.584255842558426,0.403061224489796,0.728380024360536,0.904347826086957,0.322824716267339,0.887116564417178,0.958227848101266
"121",0.612125,0.414852752880922,0.41109709962169,0.498136645962733,0.574415744157442,0.399234693877551,0.733252131546894,0.899378881987578,0.324085750315258,0.885889570552147,0.963291139240506
"122",0.611625,0.414852752880922,0.408575031525851,0.495652173913044,0.579335793357934,0.400510204081633,0.729598051157126,0.900621118012422,0.322824716267339,0.884662576687117,0.962025316455696
"123",0.611375,0.409731113956466,0.402269861286255,0.498136645962733,0.583025830258303,0.397959183673469,0.732034104750305,0.903105590062112,0.320302648171501,0.884662576687117,0.964556962025316
"124",0.6115,0.413572343149808,0.406052963430013,0.494409937888199,0.580565805658057,0.397959183673469,0.734470158343484,0.899378881987578,0.326607818411097,0.883435582822086,0.960759493670886
"125",0.611625,0.416133162612036,0.407313997477932,0.496894409937888,0.580565805658057,0.394132653061224,0.729598051157126,0.903105590062112,0.322824716267339,0.883435582822086,0.964556962025316
"126",0.610375,0.413572343149808,0.403530895334174,0.496894409937888,0.578105781057811,0.395408163265306,0.734470158343484,0.901863354037267,0.315258511979823,0.882208588957055,0.964556962025316
"127",0.609625,0.412291933418694,0.402269861286255,0.498136645962733,0.584255842558426,0.39030612244898,0.730816077953715,0.901863354037267,0.315258511979823,0.882208588957055,0.960759493670886
"128",0.611125,0.412291933418694,0.402269861286255,0.503105590062112,0.584255842558426,0.395408163265306,0.735688185140073,0.898136645962733,0.317780580075662,0.882208588957055,0.962025316455696
"129",0.61225,0.416133162612036,0.407313997477932,0.501863354037267,0.584255842558426,0.395408163265306,0.734470158343484,0.896894409937888,0.322824716267339,0.882208588957055,0.963291139240506
"130",0.612125,0.416133162612036,0.403530895334174,0.504347826086956,0.585485854858549,0.399234693877551,0.732034104750305,0.896894409937888,0.320302648171501,0.884662576687117,0.960759493670886
"131",0.610875,0.41741357234315,0.398486759142497,0.498136645962733,0.586715867158672,0.391581632653061,0.735688185140073,0.88944099378882,0.326607818411097,0.884662576687117,0.962025316455696
"132",0.611875,0.414852752880922,0.402269861286255,0.503105590062112,0.586715867158672,0.39030612244898,0.738124238733252,0.895652173913044,0.324085750315258,0.883435582822086,0.962025316455696
"133",0.611625,0.41741357234315,0.402269861286255,0.504347826086956,0.586715867158672,0.392857142857143,0.734470158343484,0.893167701863354,0.322824716267339,0.883435582822086,0.960759493670886
"134",0.611125,0.416133162612036,0.398486759142497,0.498136645962733,0.584255842558426,0.392857142857143,0.733252131546894,0.894409937888199,0.327868852459016,0.884662576687117,0.963291139240506
"135",0.611625,0.413572343149808,0.402269861286255,0.494409937888199,0.584255842558426,0.394132653061224,0.734470158343484,0.895652173913044,0.327868852459016,0.887116564417178,0.964556962025316
"136",0.610125,0.413572343149808,0.397225725094578,0.496894409937888,0.58179581795818,0.392857142857143,0.736906211936663,0.893167701863354,0.326607818411097,0.880981595092025,0.963291139240506
"137",0.608875,0.41101152368758,0.398486759142497,0.494409937888199,0.580565805658057,0.391581632653061,0.728380024360536,0.893167701863354,0.326607818411097,0.883435582822086,0.963291139240506
"138",0.6105,0.416133162612036,0.402269861286255,0.503105590062112,0.583025830258303,0.394132653061224,0.725943970767357,0.893167701863354,0.326607818411097,0.879754601226994,0.963291139240506
"139",0.609875,0.413572343149808,0.401008827238335,0.499378881987578,0.573185731857319,0.394132653061224,0.732034104750305,0.895652173913044,0.326607818411097,0.882208588957055,0.963291139240506
"140",0.610375,0.41101152368758,0.402269861286255,0.495652173913044,0.579335793357934,0.395408163265306,0.732034104750305,0.894409937888199,0.330390920554855,0.882208588957055,0.963291139240506
"141",0.6105,0.41101152368758,0.398486759142497,0.499378881987578,0.579335793357934,0.392857142857143,0.738124238733252,0.894409937888199,0.325346784363178,0.883435582822086,0.964556962025316
"142",0.609625,0.408450704225352,0.39344262295082,0.503105590062112,0.576875768757688,0.391581632653061,0.736906211936663,0.895652173913044,0.327868852459016,0.880981595092025,0.963291139240506
"143",0.611375,0.413572343149808,0.394703656998739,0.498136645962733,0.583025830258303,0.396683673469388,0.735688185140073,0.895652173913044,0.329129886506936,0.884662576687117,0.964556962025316
"144",0.611125,0.414852752880922,0.399747793190416,0.496894409937888,0.580565805658057,0.395408163265306,0.734470158343484,0.896894409937888,0.330390920554855,0.879754601226994,0.964556962025316
"145",0.61,0.412291933418694,0.39344262295082,0.501863354037267,0.573185731857319,0.394132653061224,0.732034104750305,0.898136645962733,0.326607818411097,0.884662576687117,0.965822784810127
"146",0.609625,0.412291933418694,0.395964691046658,0.495652173913044,0.576875768757688,0.39030612244898,0.734470158343484,0.899378881987578,0.325346784363178,0.883435582822086,0.964556962025316
"147",0.610375,0.416133162612036,0.401008827238335,0.491925465838509,0.576875768757688,0.389030612244898,0.734470158343484,0.900621118012422,0.327868852459016,0.883435582822086,0.964556962025316
"148",0.61025,0.41741357234315,0.402269861286255,0.48944099378882,0.571955719557196,0.395408163265306,0.735688185140073,0.900621118012422,0.327868852459016,0.882208588957055,0.962025316455696
"149",0.610375,0.414852752880922,0.402269861286255,0.498136645962733,0.575645756457565,0.394132653061224,0.730816077953715,0.900621118012422,0.326607818411097,0.879754601226994,0.963291139240506
"150",0.60975,0.41741357234315,0.397225725094578,0.496894409937888,0.578105781057811,0.395408163265306,0.735688185140073,0.899378881987578,0.319041614123581,0.878527607361963,0.962025316455696
"151",0.608375,0.414852752880922,0.39344262295082,0.498136645962733,0.575645756457565,0.389030612244898,0.732034104750305,0.898136645962733,0.324085750315258,0.880981595092025,0.959493670886076
"152",0.6085,0.41741357234315,0.398486759142497,0.48695652173913,0.575645756457565,0.395408163265306,0.729598051157126,0.898136645962733,0.324085750315258,0.879754601226994,0.962025316455696
"153",0.6075,0.416133162612036,0.398486759142497,0.485714285714286,0.570725707257073,0.392857142857143,0.734470158343484,0.898136645962733,0.324085750315258,0.876073619631902,0.960759493670886
"154",0.606875,0.416133162612036,0.394703656998739,0.48695652173913,0.56949569495695,0.392857142857143,0.734470158343484,0.898136645962733,0.320302648171501,0.878527607361963,0.959493670886076
"155",0.607625,0.408450704225352,0.397225725094578,0.493167701863354,0.570725707257073,0.394132653061224,0.732034104750305,0.899378881987578,0.322824716267339,0.879754601226994,0.960759493670886
"156",0.6055,0.414852752880922,0.39344262295082,0.484472049689441,0.568265682656827,0.389030612244898,0.728380024360536,0.896894409937888,0.322824716267339,0.878527607361963,0.960759493670886
"157",0.606125,0.41101152368758,0.390920554854981,0.488198757763975,0.567035670356704,0.395408163265306,0.732034104750305,0.896894409937888,0.324085750315258,0.878527607361963,0.959493670886076
"158",0.605375,0.409731113956466,0.388398486759143,0.48695652173913,0.568265682656827,0.39030612244898,0.732034104750305,0.898136645962733,0.324085750315258,0.878527607361963,0.959493670886076
"159",0.604875,0.407170294494238,0.388398486759143,0.483229813664596,0.567035670356704,0.386479591836735,0.733252131546894,0.899378881987578,0.325346784363178,0.880981595092025,0.959493670886076
"160",0.60625,0.408450704225352,0.389659520807062,0.48695652173913,0.567035670356704,0.386479591836735,0.736906211936663,0.901863354037267,0.326607818411097,0.878527607361963,0.962025316455696
"161",0.60725,0.407170294494238,0.389659520807062,0.48944099378882,0.570725707257073,0.395408163265306,0.733252131546894,0.901863354037267,0.325346784363178,0.878527607361963,0.963291139240506
"162",0.605375,0.41101152368758,0.388398486759143,0.488198757763975,0.565805658056581,0.383928571428571,0.735688185140073,0.898136645962733,0.324085750315258,0.878527607361963,0.962025316455696
"163",0.60525,0.41101152368758,0.390920554854981,0.48944099378882,0.563345633456335,0.380102040816327,0.730816077953715,0.896894409937888,0.325346784363178,0.884662576687117,0.962025316455696
"164",0.605,0.408450704225352,0.380832282471627,0.488198757763975,0.568265682656827,0.386479591836735,0.730816077953715,0.896894409937888,0.326607818411097,0.882208588957055,0.963291139240506
"165",0.60475,0.403329065300896,0.384615384615385,0.48695652173913,0.56949569495695,0.381377551020408,0.730816077953715,0.898136645962733,0.327868852459016,0.883435582822086,0.963291139240506
"166",0.605875,0.409731113956466,0.3921815889029,0.488198757763975,0.563345633456335,0.385204081632653,0.727161997563946,0.900621118012422,0.327868852459016,0.880981595092025,0.965822784810127
"167",0.60525,0.405889884763124,0.378310214375788,0.491925465838509,0.565805658056581,0.385204081632653,0.732034104750305,0.901863354037267,0.325346784363178,0.882208588957055,0.965822784810127
"168",0.605875,0.409731113956466,0.382093316519546,0.485714285714286,0.568265682656827,0.385204081632653,0.733252131546894,0.905590062111801,0.326607818411097,0.880981595092025,0.963291139240506
"169",0.605875,0.408450704225352,0.380832282471627,0.490683229813665,0.568265682656827,0.386479591836735,0.734470158343484,0.903105590062112,0.32156368221942,0.883435582822086,0.963291139240506
"170",0.606125,0.407170294494238,0.387137452711223,0.485714285714286,0.56949569495695,0.385204081632653,0.732034104750305,0.905590062111801,0.325346784363178,0.882208588957055,0.963291139240506
"171",0.605375,0.40460947503201,0.385876418663304,0.485714285714286,0.568265682656827,0.387755102040816,0.729598051157126,0.900621118012422,0.326607818411097,0.883435582822086,0.963291139240506
"172",0.60775,0.40460947503201,0.387137452711223,0.48944099378882,0.570725707257073,0.386479591836735,0.733252131546894,0.908074534161491,0.331651954602774,0.883435582822086,0.964556962025316
"173",0.606625,0.407170294494238,0.384615384615385,0.48695652173913,0.570725707257073,0.380102040816327,0.734470158343484,0.906832298136646,0.331651954602774,0.882208588957055,0.963291139240506
"174",0.60775,0.407170294494238,0.387137452711223,0.493167701863354,0.570725707257073,0.381377551020408,0.730816077953715,0.909316770186335,0.334174022698613,0.882208588957055,0.963291139240506
"175",0.608375,0.399487836107554,0.388398486759143,0.491925465838509,0.574415744157442,0.381377551020408,0.733252131546894,0.91304347826087,0.332912988650694,0.884662576687117,0.965822784810127
"176",0.608,0.408450704225352,0.390920554854981,0.491925465838509,0.567035670356704,0.378826530612245,0.730816077953715,0.91304347826087,0.329129886506936,0.884662576687117,0.967088607594937
"177",0.60725,0.405889884763124,0.387137452711223,0.485714285714286,0.570725707257073,0.38265306122449,0.729598051157126,0.91055900621118,0.332912988650694,0.882208588957055,0.967088607594937
"178",0.606875,0.399487836107554,0.388398486759143,0.483229813664596,0.570725707257073,0.377551020408163,0.733252131546894,0.91055900621118,0.332912988650694,0.888343558282209,0.965822784810127
"179",0.606625,0.402048655569782,0.390920554854981,0.483229813664596,0.56949569495695,0.372448979591837,0.729598051157126,0.911801242236025,0.335435056746532,0.885889570552147,0.967088607594937
"180",0.607375,0.405889884763124,0.395964691046658,0.485714285714286,0.568265682656827,0.377551020408163,0.730816077953715,0.906832298136646,0.332912988650694,0.884662576687117,0.967088607594937
"181",0.6065,0.400768245838668,0.390920554854981,0.485714285714286,0.573185731857319,0.376275510204082,0.728380024360536,0.905590062111801,0.331651954602774,0.887116564417178,0.967088607594937
"182",0.6085,0.402048655569782,0.390920554854981,0.48695652173913,0.574415744157442,0.381377551020408,0.730816077953715,0.908074534161491,0.336696090794451,0.885889570552147,0.969620253164557
"183",0.607375,0.407170294494238,0.390920554854981,0.484472049689441,0.56949569495695,0.373724489795918,0.725943970767357,0.911801242236025,0.336696090794451,0.885889570552147,0.969620253164557
"184",0.606875,0.40460947503201,0.385876418663304,0.48695652173913,0.571955719557196,0.369897959183673,0.728380024360536,0.91304347826087,0.335435056746532,0.885889570552147,0.968354430379747
"185",0.60775,0.405889884763124,0.3921815889029,0.484472049689441,0.575645756457565,0.377551020408163,0.725943970767357,0.909316770186335,0.334174022698613,0.885889570552147,0.968354430379747
"186",0.607375,0.408450704225352,0.384615384615385,0.488198757763975,0.573185731857319,0.372448979591837,0.727161997563946,0.909316770186335,0.337957124842371,0.885889570552147,0.968354430379747
"187",0.60575,0.41101152368758,0.382093316519546,0.483229813664596,0.567035670356704,0.373724489795918,0.725943970767357,0.91055900621118,0.332912988650694,0.885889570552147,0.967088607594937
"188",0.6065,0.408450704225352,0.385876418663304,0.479503105590062,0.573185731857319,0.373724489795918,0.729598051157126,0.909316770186335,0.335435056746532,0.883435582822086,0.968354430379747
"189",0.605875,0.41101152368758,0.383354350567465,0.481987577639752,0.567035670356704,0.372448979591837,0.728380024360536,0.908074534161491,0.334174022698613,0.885889570552147,0.968354430379747
"190",0.605875,0.409731113956466,0.387137452711223,0.478260869565217,0.568265682656827,0.373724489795918,0.728380024360536,0.91055900621118,0.331651954602774,0.884662576687117,0.968354430379747
"191",0.606875,0.408450704225352,0.385876418663304,0.483229813664596,0.571955719557196,0.372448979591837,0.727161997563946,0.915527950310559,0.332912988650694,0.885889570552147,0.967088607594937
"192",0.60675,0.41101152368758,0.387137452711223,0.480745341614907,0.568265682656827,0.368622448979592,0.730816077953715,0.915527950310559,0.331651954602774,0.885889570552147,0.969620253164557
"193",0.60575,0.41101152368758,0.385876418663304,0.474534161490683,0.571955719557196,0.368622448979592,0.727161997563946,0.914285714285714,0.332912988650694,0.884662576687117,0.968354430379747
"194",0.60625,0.412291933418694,0.385876418663304,0.477018633540373,0.56949569495695,0.36734693877551,0.733252131546894,0.914285714285714,0.330390920554855,0.885889570552147,0.968354430379747
"195",0.607,0.407170294494238,0.388398486759143,0.481987577639752,0.574415744157442,0.36734693877551,0.732034104750305,0.919254658385093,0.327868852459016,0.884662576687117,0.968354430379747
"196",0.606625,0.408450704225352,0.384615384615385,0.480745341614907,0.568265682656827,0.369897959183673,0.729598051157126,0.921739130434783,0.330390920554855,0.884662576687117,0.969620253164557
"197",0.605875,0.405889884763124,0.385876418663304,0.480745341614907,0.56949569495695,0.371173469387755,0.730816077953715,0.918012422360248,0.325346784363178,0.885889570552147,0.967088607594937
"198",0.6055,0.405889884763124,0.385876418663304,0.478260869565217,0.56949569495695,0.372448979591837,0.728380024360536,0.919254658385093,0.324085750315258,0.885889570552147,0.967088607594937
"199",0.6065,0.408450704225352,0.385876418663304,0.481987577639752,0.567035670356704,0.372448979591837,0.730816077953715,0.920496894409938,0.322824716267339,0.888343558282209,0.968354430379747
"200",0.604875,0.403329065300896,0.384615384615385,0.481987577639752,0.568265682656827,0.366071428571429,0.730816077953715,0.919254658385093,0.32156368221942,0.884662576687117,0.969620253164557
"201",0.60575,0.400768245838668,0.387137452711223,0.485714285714286,0.570725707257073,0.371173469387755,0.729598051157126,0.916770186335404,0.324085750315258,0.884662576687117,0.968354430379747
"202",0.606625,0.40460947503201,0.385876418663304,0.488198757763975,0.56949569495695,0.372448979591837,0.730816077953715,0.918012422360248,0.32156368221942,0.885889570552147,0.970886075949367
"203",0.606,0.403329065300896,0.387137452711223,0.48695652173913,0.565805658056581,0.369897959183673,0.730816077953715,0.916770186335404,0.322824716267339,0.888343558282209,0.969620253164557
"204",0.60575,0.402048655569782,0.383354350567465,0.484472049689441,0.568265682656827,0.371173469387755,0.733252131546894,0.915527950310559,0.322824716267339,0.887116564417178,0.970886075949367
"205",0.6065,0.403329065300896,0.384615384615385,0.485714285714286,0.56949569495695,0.373724489795918,0.730816077953715,0.916770186335404,0.325346784363178,0.885889570552147,0.970886075949367
"206",0.605875,0.40460947503201,0.382093316519546,0.488198757763975,0.567035670356704,0.368622448979592,0.729598051157126,0.918012422360248,0.325346784363178,0.885889570552147,0.970886075949367
"207",0.606,0.402048655569782,0.388398486759143,0.488198757763975,0.568265682656827,0.36734693877551,0.729598051157126,0.918012422360248,0.324085750315258,0.883435582822086,0.972151898734177
"208",0.605,0.402048655569782,0.384615384615385,0.483229813664596,0.570725707257073,0.366071428571429,0.728380024360536,0.919254658385093,0.322824716267339,0.883435582822086,0.970886075949367
"209",0.605375,0.403329065300896,0.388398486759143,0.480745341614907,0.573185731857319,0.366071428571429,0.728380024360536,0.918012422360248,0.322824716267339,0.882208588957055,0.972151898734177
"210",0.6065,0.40460947503201,0.3921815889029,0.48944099378882,0.568265682656827,0.366071428571429,0.730816077953715,0.916770186335404,0.32156368221942,0.884662576687117,0.972151898734177
"211",0.607875,0.407170294494238,0.39344262295082,0.490683229813665,0.565805658056581,0.369897959183673,0.730816077953715,0.921739130434783,0.324085750315258,0.884662576687117,0.972151898734177
"212",0.607,0.41101152368758,0.385876418663304,0.48944099378882,0.568265682656827,0.36734693877551,0.732034104750305,0.921739130434783,0.32156368221942,0.883435582822086,0.970886075949367
"213",0.605625,0.400768245838668,0.39344262295082,0.488198757763975,0.565805658056581,0.366071428571429,0.729598051157126,0.920496894409938,0.319041614123581,0.883435582822086,0.970886075949367
"214",0.604875,0.405889884763124,0.388398486759143,0.485714285714286,0.567035670356704,0.366071428571429,0.729598051157126,0.920496894409938,0.315258511979823,0.880981595092025,0.970886075949367
"215",0.605875,0.409731113956466,0.390920554854981,0.485714285714286,0.570725707257073,0.368622448979592,0.727161997563946,0.914285714285714,0.317780580075662,0.884662576687117,0.970886075949367
"216",0.606,0.41101152368758,0.39344262295082,0.48944099378882,0.565805658056581,0.364795918367347,0.729598051157126,0.914285714285714,0.319041614123581,0.884662576687117,0.969620253164557
"217",0.606,0.409731113956466,0.39344262295082,0.48944099378882,0.564575645756458,0.36734693877551,0.728380024360536,0.918012422360248,0.317780580075662,0.883435582822086,0.969620253164557
"218",0.606875,0.408450704225352,0.395964691046658,0.490683229813665,0.568265682656827,0.364795918367347,0.729598051157126,0.919254658385093,0.317780580075662,0.884662576687117,0.970886075949367
"219",0.60525,0.409731113956466,0.389659520807062,0.478260869565217,0.565805658056581,0.36734693877551,0.728380024360536,0.920496894409938,0.319041614123581,0.884662576687117,0.970886075949367
"220",0.606375,0.409731113956466,0.3921815889029,0.485714285714286,0.56949569495695,0.368622448979592,0.729598051157126,0.915527950310559,0.319041614123581,0.884662576687117,0.970886075949367
"221",0.604875,0.408450704225352,0.383354350567465,0.483229813664596,0.56949569495695,0.368622448979592,0.727161997563946,0.914285714285714,0.319041614123581,0.884662576687117,0.972151898734177
"222",0.60675,0.413572343149808,0.3921815889029,0.485714285714286,0.568265682656827,0.366071428571429,0.729598051157126,0.916770186335404,0.319041614123581,0.885889570552147,0.972151898734177
"223",0.605,0.409731113956466,0.387137452711223,0.483229813664596,0.56949569495695,0.368622448979592,0.724725943970767,0.918012422360248,0.316519546027743,0.883435582822086,0.970886075949367
"224",0.60525,0.409731113956466,0.388398486759143,0.483229813664596,0.570725707257073,0.36734693877551,0.724725943970767,0.919254658385093,0.316519546027743,0.883435582822086,0.970886075949367
"225",0.6055,0.407170294494238,0.3921815889029,0.479503105590062,0.573185731857319,0.372448979591837,0.724725943970767,0.916770186335404,0.316519546027743,0.882208588957055,0.972151898734177
"226",0.6055,0.408450704225352,0.3921815889029,0.479503105590062,0.568265682656827,0.36734693877551,0.728380024360536,0.919254658385093,0.317780580075662,0.882208588957055,0.973417721518987
"227",0.60475,0.405889884763124,0.388398486759143,0.478260869565217,0.56949569495695,0.364795918367347,0.729598051157126,0.919254658385093,0.316519546027743,0.883435582822086,0.973417721518987
"228",0.6045,0.405889884763124,0.3921815889029,0.478260869565217,0.565805658056581,0.366071428571429,0.728380024360536,0.914285714285714,0.317780580075662,0.883435582822086,0.974683544303797
"229",0.60375,0.407170294494238,0.390920554854981,0.475776397515528,0.563345633456335,0.363520408163265,0.727161997563946,0.918012422360248,0.317780580075662,0.882208588957055,0.973417721518987
"230",0.606125,0.408450704225352,0.394703656998739,0.481987577639752,0.565805658056581,0.369897959183673,0.729598051157126,0.919254658385093,0.317780580075662,0.882208588957055,0.973417721518987
"231",0.605375,0.408450704225352,0.39344262295082,0.479503105590062,0.568265682656827,0.36734693877551,0.725943970767357,0.919254658385093,0.316519546027743,0.883435582822086,0.973417721518987
"232",0.604875,0.408450704225352,0.390920554854981,0.480745341614907,0.564575645756458,0.360969387755102,0.728380024360536,0.919254658385093,0.320302648171501,0.882208588957055,0.974683544303797
"233",0.605125,0.40460947503201,0.39344262295082,0.480745341614907,0.565805658056581,0.36734693877551,0.725943970767357,0.918012422360248,0.319041614123581,0.884662576687117,0.973417721518987
"234",0.604875,0.409731113956466,0.389659520807062,0.478260869565217,0.567035670356704,0.366071428571429,0.727161997563946,0.918012422360248,0.319041614123581,0.882208588957055,0.973417721518987
"235",0.6055,0.41101152368758,0.387137452711223,0.479503105590062,0.568265682656827,0.372448979591837,0.727161997563946,0.916770186335404,0.32156368221942,0.879754601226994,0.973417721518987
"236",0.6045,0.408450704225352,0.389659520807062,0.484472049689441,0.568265682656827,0.363520408163265,0.728380024360536,0.915527950310559,0.315258511979823,0.882208588957055,0.970886075949367
"237",0.6045,0.407170294494238,0.388398486759143,0.477018633540373,0.567035670356704,0.368622448979592,0.728380024360536,0.918012422360248,0.320302648171501,0.882208588957055,0.969620253164557
"238",0.60475,0.408450704225352,0.39344262295082,0.479503105590062,0.564575645756458,0.366071428571429,0.728380024360536,0.915527950310559,0.32156368221942,0.882208588957055,0.969620253164557
"239",0.604875,0.407170294494238,0.39344262295082,0.480745341614907,0.567035670356704,0.364795918367347,0.728380024360536,0.91304347826087,0.322824716267339,0.882208588957055,0.970886075949367
"240",0.604125,0.407170294494238,0.384615384615385,0.479503105590062,0.563345633456335,0.366071428571429,0.732034104750305,0.91304347826087,0.322824716267339,0.883435582822086,0.970886075949367
"241",0.605875,0.41101152368758,0.390920554854981,0.475776397515528,0.565805658056581,0.373724489795918,0.730816077953715,0.91304347826087,0.324085750315258,0.883435582822086,0.972151898734177
"242",0.6055,0.409731113956466,0.390920554854981,0.477018633540373,0.565805658056581,0.371173469387755,0.733252131546894,0.911801242236025,0.324085750315258,0.880981595092025,0.972151898734177
"243",0.6055,0.405889884763124,0.389659520807062,0.474534161490683,0.565805658056581,0.378826530612245,0.730816077953715,0.91304347826087,0.324085750315258,0.883435582822086,0.970886075949367
"244",0.60525,0.409731113956466,0.389659520807062,0.472049689440994,0.564575645756458,0.375,0.732034104750305,0.91304347826087,0.32156368221942,0.885889570552147,0.970886075949367
"245",0.6055,0.407170294494238,0.3921815889029,0.475776397515528,0.565805658056581,0.373724489795918,0.730816077953715,0.911801242236025,0.322824716267339,0.885889570552147,0.970886075949367
"246",0.604625,0.40460947503201,0.388398486759143,0.477018633540373,0.562115621156212,0.372448979591837,0.733252131546894,0.911801242236025,0.322824716267339,0.885889570552147,0.969620253164557
"247",0.60475,0.403329065300896,0.3921815889029,0.477018633540373,0.564575645756458,0.369897959183673,0.732034104750305,0.91304347826087,0.322824716267339,0.884662576687117,0.969620253164557
"248",0.604875,0.40460947503201,0.390920554854981,0.478260869565217,0.563345633456335,0.372448979591837,0.732034104750305,0.91055900621118,0.322824716267339,0.885889570552147,0.969620253164557
"249",0.604875,0.407170294494238,0.389659520807062,0.479503105590062,0.563345633456335,0.371173469387755,0.734470158343484,0.911801242236025,0.322824716267339,0.880981595092025,0.969620253164557
"250",0.60425,0.402048655569782,0.3921815889029,0.478260869565217,0.560885608856089,0.371173469387755,0.734470158343484,0.909316770186335,0.324085750315258,0.880981595092025,0.970886075949367
"251",0.603,0.405889884763124,0.388398486759143,0.474534161490683,0.560885608856089,0.36734693877551,0.732034104750305,0.91055900621118,0.322824716267339,0.880981595092025,0.968354430379747
"252",0.603,0.40460947503201,0.387137452711223,0.473291925465839,0.558425584255843,0.366071428571429,0.734470158343484,0.91055900621118,0.325346784363178,0.880981595092025,0.970886075949367
"253",0.604125,0.405889884763124,0.389659520807062,0.473291925465839,0.563345633456335,0.369897959183673,0.736906211936663,0.911801242236025,0.322824716267339,0.879754601226994,0.969620253164557
"254",0.6035,0.408450704225352,0.390920554854981,0.46832298136646,0.558425584255843,0.368622448979592,0.735688185140073,0.91304347826087,0.322824716267339,0.879754601226994,0.970886075949367
"255",0.604125,0.407170294494238,0.388398486759143,0.474534161490683,0.560885608856089,0.36734693877551,0.735688185140073,0.915527950310559,0.319041614123581,0.883435582822086,0.970886075949367
"256",0.603,0.405889884763124,0.383354350567465,0.473291925465839,0.562115621156212,0.366071428571429,0.734470158343484,0.914285714285714,0.320302648171501,0.882208588957055,0.969620253164557
"257",0.603,0.402048655569782,0.388398486759143,0.475776397515528,0.560885608856089,0.369897959183673,0.733252131546894,0.909316770186335,0.32156368221942,0.880981595092025,0.969620253164557
"258",0.602375,0.40460947503201,0.384615384615385,0.474534161490683,0.55719557195572,0.369897959183673,0.730816077953715,0.911801242236025,0.32156368221942,0.880981595092025,0.969620253164557
"259",0.60425,0.405889884763124,0.385876418663304,0.477018633540373,0.562115621156212,0.368622448979592,0.734470158343484,0.914285714285714,0.322824716267339,0.882208588957055,0.970886075949367
"260",0.60475,0.409731113956466,0.385876418663304,0.474534161490683,0.565805658056581,0.376275510204082,0.733252131546894,0.911801242236025,0.320302648171501,0.882208588957055,0.969620253164557
"261",0.6045,0.407170294494238,0.383354350567465,0.477018633540373,0.564575645756458,0.373724489795918,0.733252131546894,0.91304347826087,0.324085750315258,0.882208588957055,0.968354430379747
"262",0.60375,0.407170294494238,0.385876418663304,0.477018633540373,0.562115621156212,0.369897959183673,0.732034104750305,0.91304347826087,0.322824716267339,0.880981595092025,0.968354430379747
"263",0.604125,0.405889884763124,0.384615384615385,0.477018633540373,0.565805658056581,0.371173469387755,0.733252131546894,0.911801242236025,0.324085750315258,0.880981595092025,0.968354430379747
"264",0.60275,0.409731113956466,0.378310214375788,0.475776397515528,0.568265682656827,0.368622448979592,0.730816077953715,0.91304347826087,0.319041614123581,0.877300613496933,0.968354430379747
"265",0.603625,0.409731113956466,0.383354350567465,0.477018633540373,0.565805658056581,0.368622448979592,0.732034104750305,0.911801242236025,0.32156368221942,0.880981595092025,0.967088607594937
"266",0.602875,0.408450704225352,0.379571248423707,0.477018633540373,0.565805658056581,0.372448979591837,0.732034104750305,0.909316770186335,0.317780580075662,0.879754601226994,0.968354430379747
"267",0.602,0.402048655569782,0.378310214375788,0.478260869565217,0.563345633456335,0.373724489795918,0.727161997563946,0.911801242236025,0.319041614123581,0.879754601226994,0.968354430379747
"268",0.602375,0.403329065300896,0.379571248423707,0.478260869565217,0.567035670356704,0.372448979591837,0.728380024360536,0.91055900621118,0.319041614123581,0.878527607361963,0.968354430379747
"269",0.6025,0.40460947503201,0.382093316519546,0.477018633540373,0.568265682656827,0.371173469387755,0.727161997563946,0.911801242236025,0.320302648171501,0.877300613496933,0.967088607594937
"270",0.602125,0.400768245838668,0.382093316519546,0.480745341614907,0.568265682656827,0.371173469387755,0.725943970767357,0.911801242236025,0.317780580075662,0.876073619631902,0.968354430379747
"271",0.60325,0.408450704225352,0.383354350567465,0.480745341614907,0.567035670356704,0.372448979591837,0.725943970767357,0.908074534161491,0.320302648171501,0.879754601226994,0.968354430379747
"272",0.60475,0.407170294494238,0.385876418663304,0.480745341614907,0.571955719557196,0.380102040816327,0.728380024360536,0.905590062111801,0.320302648171501,0.880981595092025,0.968354430379747
"273",0.603625,0.407170294494238,0.384615384615385,0.478260869565217,0.568265682656827,0.373724489795918,0.729598051157126,0.904347826086957,0.322824716267339,0.880981595092025,0.968354430379747
"274",0.60375,0.40460947503201,0.384615384615385,0.472049689440994,0.571955719557196,0.375,0.728380024360536,0.906832298136646,0.325346784363178,0.882208588957055,0.968354430379747
"275",0.603,0.407170294494238,0.380832282471627,0.473291925465839,0.565805658056581,0.373724489795918,0.732034104750305,0.904347826086957,0.322824716267339,0.882208588957055,0.969620253164557
"276",0.603125,0.403329065300896,0.384615384615385,0.470807453416149,0.56949569495695,0.377551020408163,0.730816077953715,0.901863354037267,0.325346784363178,0.880981595092025,0.968354430379747
"277",0.6035,0.405889884763124,0.387137452711223,0.472049689440994,0.56949569495695,0.372448979591837,0.729598051157126,0.904347826086957,0.322824716267339,0.883435582822086,0.969620253164557
"278",0.6035,0.403329065300896,0.384615384615385,0.469565217391304,0.573185731857319,0.372448979591837,0.729598051157126,0.906832298136646,0.325346784363178,0.880981595092025,0.970886075949367
"279",0.602125,0.402048655569782,0.382093316519546,0.463354037267081,0.56949569495695,0.373724489795918,0.728380024360536,0.905590062111801,0.324085750315258,0.883435582822086,0.970886075949367
"280",0.603,0.403329065300896,0.382093316519546,0.469565217391304,0.571955719557196,0.378826530612245,0.727161997563946,0.905590062111801,0.322824716267339,0.882208588957055,0.968354430379747
"281",0.60275,0.403329065300896,0.379571248423707,0.472049689440994,0.567035670356704,0.377551020408163,0.728380024360536,0.908074534161491,0.322824716267339,0.882208588957055,0.968354430379747
"282",0.603375,0.403329065300896,0.379571248423707,0.472049689440994,0.56949569495695,0.375,0.728380024360536,0.909316770186335,0.325346784363178,0.883435582822086,0.969620253164557
"283",0.602,0.400768245838668,0.379571248423707,0.469565217391304,0.56949569495695,0.372448979591837,0.732034104750305,0.909316770186335,0.320302648171501,0.878527607361963,0.969620253164557
"284",0.60175,0.403329065300896,0.379571248423707,0.472049689440994,0.56949569495695,0.368622448979592,0.725943970767357,0.905590062111801,0.32156368221942,0.883435582822086,0.969620253164557
"285",0.602875,0.403329065300896,0.383354350567465,0.470807453416149,0.570725707257073,0.372448979591837,0.728380024360536,0.905590062111801,0.325346784363178,0.882208588957055,0.968354430379747
"286",0.601625,0.400768245838668,0.383354350567465,0.473291925465839,0.570725707257073,0.368622448979592,0.723507917174178,0.904347826086957,0.32156368221942,0.882208588957055,0.969620253164557
"287",0.60225,0.405889884763124,0.382093316519546,0.474534161490683,0.568265682656827,0.36734693877551,0.725943970767357,0.905590062111801,0.324085750315258,0.880981595092025,0.969620253164557
"288",0.602,0.403329065300896,0.380832282471627,0.473291925465839,0.570725707257073,0.369897959183673,0.722289890377588,0.908074534161491,0.322824716267339,0.880981595092025,0.969620253164557
"289",0.60325,0.402048655569782,0.382093316519546,0.472049689440994,0.573185731857319,0.368622448979592,0.728380024360536,0.908074534161491,0.325346784363178,0.883435582822086,0.970886075949367
"290",0.603125,0.403329065300896,0.383354350567465,0.469565217391304,0.571955719557196,0.372448979591837,0.729598051157126,0.91055900621118,0.32156368221942,0.879754601226994,0.970886075949367
"291",0.602625,0.402048655569782,0.383354350567465,0.473291925465839,0.567035670356704,0.368622448979592,0.729598051157126,0.908074534161491,0.322824716267339,0.882208588957055,0.970886075949367
"292",0.6025,0.403329065300896,0.383354350567465,0.470807453416149,0.571955719557196,0.368622448979592,0.730816077953715,0.906832298136646,0.320302648171501,0.879754601226994,0.970886075949367
"293",0.602375,0.405889884763124,0.378310214375788,0.473291925465839,0.56949569495695,0.368622448979592,0.730816077953715,0.903105590062112,0.322824716267339,0.882208588957055,0.970886075949367
"294",0.602875,0.402048655569782,0.378310214375788,0.475776397515528,0.570725707257073,0.369897959183673,0.736906211936663,0.905590062111801,0.32156368221942,0.878527607361963,0.970886075949367
"295",0.602875,0.403329065300896,0.383354350567465,0.474534161490683,0.571955719557196,0.366071428571429,0.733252131546894,0.906832298136646,0.317780580075662,0.882208588957055,0.970886075949367
"296",0.602,0.39820742637644,0.379571248423707,0.474534161490683,0.573185731857319,0.36734693877551,0.732034104750305,0.905590062111801,0.319041614123581,0.880981595092025,0.970886075949367
"297",0.60275,0.399487836107554,0.379571248423707,0.474534161490683,0.574415744157442,0.369897959183673,0.735688185140073,0.905590062111801,0.319041614123581,0.879754601226994,0.970886075949367
"298",0.6015,0.396927016645326,0.37578814627995,0.472049689440994,0.571955719557196,0.369897959183673,0.735688185140073,0.905590062111801,0.316519546027743,0.880981595092025,0.970886075949367
"299",0.602,0.39820742637644,0.37578814627995,0.475776397515528,0.571955719557196,0.371173469387755,0.734470158343484,0.905590062111801,0.316519546027743,0.879754601226994,0.972151898734177
"300",0.602125,0.399487836107554,0.37578814627995,0.475776397515528,0.570725707257073,0.371173469387755,0.734470158343484,0.905590062111801,0.317780580075662,0.880981595092025,0.970886075949367
"301",0.6025,0.399487836107554,0.382093316519546,0.474534161490683,0.571955719557196,0.373724489795918,0.733252131546894,0.905590062111801,0.315258511979823,0.879754601226994,0.970886075949367
"302",0.603125,0.39820742637644,0.380832282471627,0.473291925465839,0.571955719557196,0.372448979591837,0.736906211936663,0.905590062111801,0.317780580075662,0.884662576687117,0.970886075949367
"303",0.602375,0.396927016645326,0.379571248423707,0.474534161490683,0.56949569495695,0.375,0.735688185140073,0.905590062111801,0.315258511979823,0.882208588957055,0.970886075949367
"304",0.603125,0.395646606914213,0.382093316519546,0.474534161490683,0.56949569495695,0.372448979591837,0.736906211936663,0.909316770186335,0.319041614123581,0.882208588957055,0.970886075949367
"305",0.603375,0.400768245838668,0.382093316519546,0.475776397515528,0.567035670356704,0.371173469387755,0.735688185140073,0.905590062111801,0.32156368221942,0.884662576687117,0.970886075949367
"306",0.603375,0.399487836107554,0.380832282471627,0.474534161490683,0.570725707257073,0.369897959183673,0.735688185140073,0.904347826086957,0.320302648171501,0.888343558282209,0.970886075949367
"307",0.6045,0.400768245838668,0.382093316519546,0.477018633540373,0.568265682656827,0.369897959183673,0.738124238733252,0.908074534161491,0.32156368221942,0.889570552147239,0.970886075949367
"308",0.604375,0.402048655569782,0.383354350567465,0.477018633540373,0.56949569495695,0.371173469387755,0.735688185140073,0.906832298136646,0.320302648171501,0.888343558282209,0.970886075949367
"309",0.604125,0.400768245838668,0.382093316519546,0.474534161490683,0.568265682656827,0.368622448979592,0.736906211936663,0.905590062111801,0.324085750315258,0.89079754601227,0.970886075949367
"310",0.6045,0.403329065300896,0.380832282471627,0.472049689440994,0.56949569495695,0.371173469387755,0.734470158343484,0.909316770186335,0.324085750315258,0.89079754601227,0.970886075949367
"311",0.605875,0.402048655569782,0.387137452711223,0.474534161490683,0.56949569495695,0.369897959183673,0.74299634591961,0.908074534161491,0.326607818411097,0.889570552147239,0.969620253164557
"312",0.602875,0.400768245838668,0.379571248423707,0.474534161490683,0.565805658056581,0.368622448979592,0.734470158343484,0.906832298136646,0.322824716267339,0.887116564417178,0.969620253164557
"313",0.603375,0.400768245838668,0.382093316519546,0.470807453416149,0.568265682656827,0.371173469387755,0.736906211936663,0.905590062111801,0.322824716267339,0.885889570552147,0.970886075949367
"314",0.60425,0.399487836107554,0.385876418663304,0.474534161490683,0.568265682656827,0.373724489795918,0.738124238733252,0.905590062111801,0.322824716267339,0.885889570552147,0.969620253164557
"315",0.604125,0.402048655569782,0.379571248423707,0.472049689440994,0.567035670356704,0.372448979591837,0.738124238733252,0.908074534161491,0.322824716267339,0.889570552147239,0.970886075949367
"316",0.60475,0.402048655569782,0.385876418663304,0.474534161490683,0.568265682656827,0.371173469387755,0.735688185140073,0.905590062111801,0.324085750315258,0.889570552147239,0.972151898734177
"317",0.60525,0.403329065300896,0.384615384615385,0.472049689440994,0.570725707257073,0.372448979591837,0.739342265529842,0.908074534161491,0.322824716267339,0.89079754601227,0.969620253164557
"318",0.6055,0.402048655569782,0.388398486759143,0.473291925465839,0.568265682656827,0.371173469387755,0.738124238733252,0.906832298136646,0.325346784363178,0.892024539877301,0.970886075949367
"319",0.604625,0.400768245838668,0.385876418663304,0.474534161490683,0.56949569495695,0.36734693877551,0.738124238733252,0.906832298136646,0.324085750315258,0.892024539877301,0.968354430379747
"320",0.60475,0.399487836107554,0.387137452711223,0.475776397515528,0.568265682656827,0.369897959183673,0.736906211936663,0.908074534161491,0.322824716267339,0.89079754601227,0.969620253164557
"321",0.604,0.402048655569782,0.384615384615385,0.475776397515528,0.567035670356704,0.369897959183673,0.733252131546894,0.906832298136646,0.324085750315258,0.889570552147239,0.968354430379747
"322",0.6045,0.400768245838668,0.385876418663304,0.478260869565217,0.568265682656827,0.371173469387755,0.733252131546894,0.905590062111801,0.325346784363178,0.887116564417178,0.970886075949367
"323",0.603375,0.396927016645326,0.389659520807062,0.473291925465839,0.568265682656827,0.371173469387755,0.729598051157126,0.905590062111801,0.324085750315258,0.888343558282209,0.968354430379747
"324",0.603375,0.396927016645326,0.383354350567465,0.472049689440994,0.567035670356704,0.372448979591837,0.736906211936663,0.905590062111801,0.324085750315258,0.888343558282209,0.968354430379747
"325",0.60475,0.400768245838668,0.387137452711223,0.470807453416149,0.56949569495695,0.373724489795918,0.736906211936663,0.905590062111801,0.325346784363178,0.892024539877301,0.967088607594937
"326",0.603125,0.39820742637644,0.382093316519546,0.473291925465839,0.567035670356704,0.369897959183673,0.734470158343484,0.909316770186335,0.32156368221942,0.889570552147239,0.967088607594937
"327",0.603,0.399487836107554,0.379571248423707,0.473291925465839,0.568265682656827,0.369897959183673,0.733252131546894,0.909316770186335,0.32156368221942,0.89079754601227,0.965822784810127
"328",0.6035,0.400768245838668,0.382093316519546,0.473291925465839,0.565805658056581,0.371173469387755,0.734470158343484,0.908074534161491,0.32156368221942,0.892024539877301,0.967088607594937
"329",0.60375,0.400768245838668,0.382093316519546,0.475776397515528,0.568265682656827,0.371173469387755,0.733252131546894,0.908074534161491,0.32156368221942,0.89079754601227,0.967088607594937
"330",0.605125,0.400768245838668,0.383354350567465,0.474534161490683,0.56949569495695,0.375,0.736906211936663,0.91055900621118,0.320302648171501,0.893251533742331,0.968354430379747
"331",0.60325,0.399487836107554,0.383354350567465,0.473291925465839,0.564575645756458,0.371173469387755,0.733252131546894,0.909316770186335,0.32156368221942,0.892024539877301,0.965822784810127
"332",0.602875,0.39820742637644,0.380832282471627,0.475776397515528,0.564575645756458,0.369897959183673,0.734470158343484,0.908074534161491,0.320302648171501,0.89079754601227,0.967088607594937
"333",0.603625,0.400768245838668,0.382093316519546,0.474534161490683,0.564575645756458,0.376275510204082,0.732034104750305,0.908074534161491,0.320302648171501,0.892024539877301,0.967088607594937
"334",0.603625,0.402048655569782,0.377049180327869,0.470807453416149,0.567035670356704,0.372448979591837,0.734470158343484,0.911801242236025,0.32156368221942,0.893251533742331,0.967088607594937
"335",0.602375,0.400768245838668,0.380832282471627,0.469565217391304,0.564575645756458,0.369897959183673,0.732034104750305,0.909316770186335,0.320302648171501,0.892024539877301,0.965822784810127
"336",0.603375,0.399487836107554,0.378310214375788,0.472049689440994,0.567035670356704,0.371173469387755,0.730816077953715,0.911801242236025,0.322824716267339,0.892024539877301,0.969620253164557
"337",0.602875,0.402048655569782,0.378310214375788,0.473291925465839,0.565805658056581,0.369897959183673,0.730816077953715,0.91055900621118,0.322824716267339,0.889570552147239,0.967088607594937
"338",0.603625,0.400768245838668,0.37452711223203,0.478260869565217,0.567035670356704,0.375,0.732034104750305,0.908074534161491,0.32156368221942,0.892024539877301,0.968354430379747
"339",0.6035,0.396927016645326,0.377049180327869,0.478260869565217,0.565805658056581,0.373724489795918,0.732034104750305,0.909316770186335,0.32156368221942,0.89079754601227,0.970886075949367
"340",0.60275,0.395646606914213,0.37578814627995,0.473291925465839,0.565805658056581,0.369897959183673,0.734470158343484,0.908074534161491,0.322824716267339,0.892024539877301,0.970886075949367
"341",0.60325,0.399487836107554,0.377049180327869,0.477018633540373,0.568265682656827,0.369897959183673,0.729598051157126,0.908074534161491,0.32156368221942,0.893251533742331,0.969620253164557
"342",0.603,0.39820742637644,0.378310214375788,0.473291925465839,0.568265682656827,0.368622448979592,0.733252131546894,0.91304347826087,0.320302648171501,0.887116564417178,0.970886075949367
"343",0.603625,0.39820742637644,0.380832282471627,0.478260869565217,0.568265682656827,0.36734693877551,0.730816077953715,0.91055900621118,0.32156368221942,0.89079754601227,0.970886075949367
"344",0.603375,0.399487836107554,0.379571248423707,0.473291925465839,0.571955719557196,0.369897959183673,0.732034104750305,0.909316770186335,0.32156368221942,0.887116564417178,0.970886075949367
"345",0.603125,0.400768245838668,0.37452711223203,0.474534161490683,0.573185731857319,0.371173469387755,0.730816077953715,0.91055900621118,0.32156368221942,0.885889570552147,0.969620253164557
"346",0.603125,0.399487836107554,0.377049180327869,0.477018633540373,0.570725707257073,0.36734693877551,0.733252131546894,0.91055900621118,0.322824716267339,0.884662576687117,0.969620253164557
"347",0.603375,0.399487836107554,0.378310214375788,0.479503105590062,0.570725707257073,0.368622448979592,0.732034104750305,0.911801242236025,0.319041614123581,0.884662576687117,0.970886075949367
"348",0.603,0.39820742637644,0.377049180327869,0.481987577639752,0.568265682656827,0.368622448979592,0.730816077953715,0.911801242236025,0.317780580075662,0.887116564417178,0.969620253164557
"349",0.602625,0.400768245838668,0.37452711223203,0.477018633540373,0.568265682656827,0.371173469387755,0.730816077953715,0.909316770186335,0.319041614123581,0.887116564417178,0.969620253164557
"350",0.60425,0.402048655569782,0.378310214375788,0.479503105590062,0.570725707257073,0.372448979591837,0.733252131546894,0.911801242236025,0.320302648171501,0.887116564417178,0.968354430379747
"351",0.604125,0.400768245838668,0.378310214375788,0.479503105590062,0.570725707257073,0.372448979591837,0.732034104750305,0.911801242236025,0.320302648171501,0.885889570552147,0.970886075949367
"352",0.603875,0.399487836107554,0.377049180327869,0.481987577639752,0.56949569495695,0.373724489795918,0.730816077953715,0.911801242236025,0.320302648171501,0.884662576687117,0.970886075949367
"353",0.603,0.403329065300896,0.37578814627995,0.475776397515528,0.56949569495695,0.373724489795918,0.730816077953715,0.908074534161491,0.319041614123581,0.885889570552147,0.969620253164557
"354",0.603125,0.400768245838668,0.382093316519546,0.475776397515528,0.568265682656827,0.369897959183673,0.729598051157126,0.909316770186335,0.320302648171501,0.887116564417178,0.969620253164557
"355",0.60275,0.396927016645326,0.380832282471627,0.478260869565217,0.567035670356704,0.371173469387755,0.730816077953715,0.911801242236025,0.319041614123581,0.883435582822086,0.969620253164557
"356",0.60375,0.39820742637644,0.382093316519546,0.480745341614907,0.56949569495695,0.368622448979592,0.730816077953715,0.91055900621118,0.320302648171501,0.887116564417178,0.970886075949367
"357",0.60425,0.39820742637644,0.384615384615385,0.481987577639752,0.56949569495695,0.372448979591837,0.730816077953715,0.909316770186335,0.316519546027743,0.889570552147239,0.970886075949367
"358",0.603625,0.39820742637644,0.380832282471627,0.481987577639752,0.567035670356704,0.373724489795918,0.732034104750305,0.91055900621118,0.316519546027743,0.888343558282209,0.968354430379747
"359",0.603375,0.39820742637644,0.380832282471627,0.478260869565217,0.570725707257073,0.373724489795918,0.729598051157126,0.909316770186335,0.316519546027743,0.887116564417178,0.970886075949367
"360",0.6035,0.396927016645326,0.379571248423707,0.481987577639752,0.56949569495695,0.373724489795918,0.733252131546894,0.909316770186335,0.317780580075662,0.884662576687117,0.969620253164557
"361",0.604125,0.396927016645326,0.382093316519546,0.483229813664596,0.56949569495695,0.376275510204082,0.732034104750305,0.909316770186335,0.317780580075662,0.885889570552147,0.969620253164557
"362",0.603375,0.395646606914213,0.379571248423707,0.484472049689441,0.568265682656827,0.373724489795918,0.729598051157126,0.91055900621118,0.316519546027743,0.887116564417178,0.969620253164557
"363",0.603375,0.39820742637644,0.382093316519546,0.479503105590062,0.568265682656827,0.375,0.732034104750305,0.908074534161491,0.316519546027743,0.884662576687117,0.970886075949367
"364",0.603625,0.396927016645326,0.383354350567465,0.478260869565217,0.568265682656827,0.376275510204082,0.734470158343484,0.908074534161491,0.316519546027743,0.883435582822086,0.972151898734177
"365",0.602875,0.396927016645326,0.380832282471627,0.479503105590062,0.567035670356704,0.372448979591837,0.729598051157126,0.909316770186335,0.316519546027743,0.885889570552147,0.972151898734177
"366",0.603625,0.396927016645326,0.380832282471627,0.480745341614907,0.565805658056581,0.373724489795918,0.734470158343484,0.908074534161491,0.32156368221942,0.884662576687117,0.970886075949367
"367",0.604375,0.395646606914213,0.383354350567465,0.478260869565217,0.56949569495695,0.373724489795918,0.736906211936663,0.906832298136646,0.322824716267339,0.885889570552147,0.972151898734177
"368",0.603375,0.39820742637644,0.384615384615385,0.474534161490683,0.568265682656827,0.372448979591837,0.733252131546894,0.905590062111801,0.32156368221942,0.885889570552147,0.970886075949367
"369",0.603,0.394366197183099,0.382093316519546,0.474534161490683,0.568265682656827,0.372448979591837,0.734470158343484,0.906832298136646,0.32156368221942,0.884662576687117,0.972151898734177
"370",0.603875,0.399487836107554,0.382093316519546,0.479503105590062,0.567035670356704,0.369897959183673,0.732034104750305,0.906832298136646,0.324085750315258,0.885889570552147,0.973417721518987
"371",0.6035,0.39820742637644,0.383354350567465,0.478260869565217,0.564575645756458,0.372448979591837,0.733252131546894,0.909316770186335,0.322824716267339,0.883435582822086,0.970886075949367
"372",0.604125,0.402048655569782,0.382093316519546,0.475776397515528,0.568265682656827,0.372448979591837,0.735688185140073,0.908074534161491,0.320302648171501,0.885889570552147,0.972151898734177
"373",0.604,0.402048655569782,0.383354350567465,0.477018633540373,0.56949569495695,0.372448979591837,0.735688185140073,0.906832298136646,0.317780580075662,0.884662576687117,0.972151898734177
"374",0.604,0.400768245838668,0.389659520807062,0.477018633540373,0.567035670356704,0.373724489795918,0.730816077953715,0.906832298136646,0.320302648171501,0.883435582822086,0.972151898734177
"375",0.6035,0.39820742637644,0.385876418663304,0.478260869565217,0.567035670356704,0.369897959183673,0.733252131546894,0.908074534161491,0.319041614123581,0.884662576687117,0.972151898734177
"376",0.6035,0.39820742637644,0.388398486759143,0.477018633540373,0.56949569495695,0.369897959183673,0.733252131546894,0.906832298136646,0.319041614123581,0.883435582822086,0.970886075949367
"377",0.603875,0.39820742637644,0.384615384615385,0.478260869565217,0.568265682656827,0.369897959183673,0.733252131546894,0.906832298136646,0.322824716267339,0.885889570552147,0.972151898734177
"378",0.603625,0.394366197183099,0.385876418663304,0.479503105590062,0.568265682656827,0.368622448979592,0.733252131546894,0.909316770186335,0.322824716267339,0.884662576687117,0.970886075949367
"379",0.60425,0.396927016645326,0.382093316519546,0.479503105590062,0.56949569495695,0.371173469387755,0.733252131546894,0.909316770186335,0.324085750315258,0.885889570552147,0.972151898734177
"380",0.603125,0.39820742637644,0.385876418663304,0.478260869565217,0.567035670356704,0.369897959183673,0.730816077953715,0.909316770186335,0.320302648171501,0.880981595092025,0.972151898734177
"381",0.60325,0.39820742637644,0.380832282471627,0.477018633540373,0.56949569495695,0.366071428571429,0.730816077953715,0.91304347826087,0.320302648171501,0.884662576687117,0.973417721518987
"382",0.603,0.39820742637644,0.380832282471627,0.481987577639752,0.567035670356704,0.366071428571429,0.729598051157126,0.911801242236025,0.320302648171501,0.884662576687117,0.970886075949367
"383",0.604,0.399487836107554,0.383354350567465,0.478260869565217,0.568265682656827,0.369897959183673,0.732034104750305,0.91304347826087,0.32156368221942,0.884662576687117,0.970886075949367
"384",0.60375,0.399487836107554,0.383354350567465,0.479503105590062,0.571955719557196,0.368622448979592,0.730816077953715,0.911801242236025,0.32156368221942,0.880981595092025,0.970886075949367
"385",0.60325,0.399487836107554,0.380832282471627,0.479503105590062,0.56949569495695,0.36734693877551,0.730816077953715,0.91055900621118,0.32156368221942,0.882208588957055,0.972151898734177
"386",0.603375,0.39820742637644,0.383354350567465,0.480745341614907,0.56949569495695,0.36734693877551,0.732034104750305,0.908074534161491,0.32156368221942,0.882208588957055,0.972151898734177
"387",0.602875,0.395646606914213,0.379571248423707,0.479503105590062,0.571955719557196,0.371173469387755,0.729598051157126,0.909316770186335,0.32156368221942,0.882208588957055,0.969620253164557
"388",0.60325,0.394366197183099,0.378310214375788,0.479503105590062,0.571955719557196,0.368622448979592,0.734470158343484,0.91055900621118,0.32156368221942,0.882208588957055,0.972151898734177
"389",0.60425,0.395646606914213,0.380832282471627,0.480745341614907,0.571955719557196,0.36734693877551,0.736906211936663,0.91055900621118,0.324085750315258,0.882208588957055,0.973417721518987
"390",0.603,0.394366197183099,0.383354350567465,0.478260869565217,0.56949569495695,0.366071428571429,0.734470158343484,0.906832298136646,0.324085750315258,0.880981595092025,0.973417721518987
"391",0.603375,0.394366197183099,0.385876418663304,0.478260869565217,0.568265682656827,0.364795918367347,0.733252131546894,0.91055900621118,0.322824716267339,0.883435582822086,0.973417721518987
"392",0.60325,0.391805377720871,0.382093316519546,0.479503105590062,0.570725707257073,0.368622448979592,0.733252131546894,0.908074534161491,0.322824716267339,0.884662576687117,0.972151898734177
"393",0.602625,0.395646606914213,0.382093316519546,0.478260869565217,0.565805658056581,0.368622448979592,0.730816077953715,0.91055900621118,0.322824716267339,0.880981595092025,0.972151898734177
"394",0.602875,0.394366197183099,0.385876418663304,0.478260869565217,0.568265682656827,0.371173469387755,0.729598051157126,0.908074534161491,0.322824716267339,0.880981595092025,0.970886075949367
"395",0.6035,0.39820742637644,0.383354350567465,0.479503105590062,0.568265682656827,0.368622448979592,0.733252131546894,0.908074534161491,0.324085750315258,0.880981595092025,0.972151898734177
"396",0.602875,0.395646606914213,0.384615384615385,0.478260869565217,0.567035670356704,0.371173469387755,0.732034104750305,0.908074534161491,0.322824716267339,0.882208588957055,0.968354430379747
"397",0.603375,0.395646606914213,0.380832282471627,0.480745341614907,0.571955719557196,0.368622448979592,0.734470158343484,0.91055900621118,0.322824716267339,0.880981595092025,0.968354430379747
"398",0.6035,0.39820742637644,0.380832282471627,0.480745341614907,0.568265682656827,0.369897959183673,0.730816077953715,0.911801242236025,0.324085750315258,0.883435582822086,0.968354430379747
"399",0.602875,0.395646606914213,0.380832282471627,0.479503105590062,0.56949569495695,0.369897959183673,0.734470158343484,0.91055900621118,0.320302648171501,0.880981595092025,0.968354430379747
"400",0.603125,0.393085787451985,0.380832282471627,0.478260869565217,0.56949569495695,0.369897959183673,0.735688185140073,0.909316770186335,0.322824716267339,0.884662576687117,0.968354430379747
"401",0.601875,0.395646606914213,0.378310214375788,0.478260869565217,0.56949569495695,0.363520408163265,0.734470158343484,0.909316770186335,0.32156368221942,0.880981595092025,0.968354430379747
"402",0.6035,0.395646606914213,0.380832282471627,0.481987577639752,0.570725707257073,0.36734693877551,0.735688185140073,0.909316770186335,0.322824716267339,0.883435582822086,0.968354430379747
"403",0.6035,0.396927016645326,0.380832282471627,0.483229813664596,0.56949569495695,0.369897959183673,0.733252131546894,0.91055900621118,0.322824716267339,0.880981595092025,0.968354430379747
"404",0.60275,0.396927016645326,0.377049180327869,0.481987577639752,0.568265682656827,0.368622448979592,0.735688185140073,0.908074534161491,0.32156368221942,0.882208588957055,0.968354430379747
"405",0.60325,0.394366197183099,0.379571248423707,0.484472049689441,0.56949569495695,0.368622448979592,0.733252131546894,0.909316770186335,0.322824716267339,0.882208588957055,0.969620253164557
"406",0.602125,0.396927016645326,0.379571248423707,0.475776397515528,0.567035670356704,0.369897959183673,0.730816077953715,0.908074534161491,0.32156368221942,0.883435582822086,0.969620253164557
"407",0.60325,0.39820742637644,0.379571248423707,0.479503105590062,0.568265682656827,0.36734693877551,0.736906211936663,0.909316770186335,0.322824716267339,0.882208588957055,0.969620253164557
"408",0.602625,0.399487836107554,0.378310214375788,0.477018633540373,0.565805658056581,0.364795918367347,0.738124238733252,0.909316770186335,0.322824716267339,0.882208588957055,0.969620253164557
"409",0.603125,0.396927016645326,0.383354350567465,0.480745341614907,0.567035670356704,0.364795918367347,0.735688185140073,0.909316770186335,0.322824716267339,0.882208588957055,0.969620253164557
"410",0.603,0.396927016645326,0.378310214375788,0.477018633540373,0.568265682656827,0.366071428571429,0.736906211936663,0.908074534161491,0.324085750315258,0.885889570552147,0.969620253164557
"411",0.603125,0.395646606914213,0.380832282471627,0.478260869565217,0.568265682656827,0.368622448979592,0.734470158343484,0.91055900621118,0.322824716267339,0.883435582822086,0.969620253164557
"412",0.602875,0.394366197183099,0.380832282471627,0.479503105590062,0.567035670356704,0.36734693877551,0.733252131546894,0.911801242236025,0.324085750315258,0.882208588957055,0.969620253164557
"413",0.602875,0.39820742637644,0.378310214375788,0.475776397515528,0.567035670356704,0.36734693877551,0.735688185140073,0.911801242236025,0.324085750315258,0.882208588957055,0.969620253164557
"414",0.603625,0.395646606914213,0.382093316519546,0.477018633540373,0.567035670356704,0.368622448979592,0.736906211936663,0.911801242236025,0.324085750315258,0.884662576687117,0.969620253164557
"415",0.603125,0.39820742637644,0.378310214375788,0.478260869565217,0.567035670356704,0.368622448979592,0.734470158343484,0.911801242236025,0.322824716267339,0.883435582822086,0.969620253164557
"416",0.60275,0.39820742637644,0.379571248423707,0.477018633540373,0.564575645756458,0.36734693877551,0.736906211936663,0.91304347826087,0.320302648171501,0.882208588957055,0.969620253164557
"417",0.603,0.39820742637644,0.382093316519546,0.475776397515528,0.567035670356704,0.368622448979592,0.735688185140073,0.911801242236025,0.322824716267339,0.879754601226994,0.969620253164557
"418",0.602375,0.394366197183099,0.379571248423707,0.474534161490683,0.565805658056581,0.368622448979592,0.735688185140073,0.911801242236025,0.324085750315258,0.880981595092025,0.969620253164557
"419",0.601125,0.395646606914213,0.379571248423707,0.472049689440994,0.562115621156212,0.368622448979592,0.734470158343484,0.911801242236025,0.32156368221942,0.877300613496933,0.969620253164557
"420",0.601125,0.394366197183099,0.37578814627995,0.474534161490683,0.564575645756458,0.369897959183673,0.734470158343484,0.909316770186335,0.320302648171501,0.879754601226994,0.969620253164557
"421",0.601875,0.396927016645326,0.37452711223203,0.475776397515528,0.565805658056581,0.368622448979592,0.735688185140073,0.91055900621118,0.32156368221942,0.879754601226994,0.970886075949367
"422",0.601375,0.396927016645326,0.37578814627995,0.474534161490683,0.565805658056581,0.369897959183673,0.732034104750305,0.908074534161491,0.322824716267339,0.879754601226994,0.969620253164557
"423",0.602875,0.396927016645326,0.379571248423707,0.479503105590062,0.564575645756458,0.371173469387755,0.736906211936663,0.909316770186335,0.324085750315258,0.878527607361963,0.969620253164557
"424",0.602375,0.396927016645326,0.380832282471627,0.479503105590062,0.564575645756458,0.368622448979592,0.733252131546894,0.909316770186335,0.322824716267339,0.880981595092025,0.968354430379747
"425",0.60275,0.39820742637644,0.380832282471627,0.477018633540373,0.563345633456335,0.371173469387755,0.738124238733252,0.91055900621118,0.32156368221942,0.879754601226994,0.968354430379747
"426",0.602875,0.400768245838668,0.380832282471627,0.477018633540373,0.563345633456335,0.372448979591837,0.735688185140073,0.91055900621118,0.322824716267339,0.878527607361963,0.968354430379747
"427",0.602125,0.396927016645326,0.378310214375788,0.478260869565217,0.563345633456335,0.372448979591837,0.732034104750305,0.911801242236025,0.32156368221942,0.879754601226994,0.968354430379747
"428",0.60175,0.39820742637644,0.379571248423707,0.478260869565217,0.560885608856089,0.372448979591837,0.730816077953715,0.914285714285714,0.320302648171501,0.876073619631902,0.968354430379747
"429",0.601875,0.399487836107554,0.378310214375788,0.475776397515528,0.563345633456335,0.372448979591837,0.729598051157126,0.911801242236025,0.322824716267339,0.878527607361963,0.968354430379747
"430",0.60225,0.403329065300896,0.37452711223203,0.475776397515528,0.562115621156212,0.371173469387755,0.733252131546894,0.91304347826087,0.324085750315258,0.878527607361963,0.968354430379747
"431",0.602875,0.400768245838668,0.37578814627995,0.478260869565217,0.563345633456335,0.375,0.732034104750305,0.91304347826087,0.324085750315258,0.879754601226994,0.968354430379747
"432",0.6025,0.400768245838668,0.377049180327869,0.475776397515528,0.563345633456335,0.371173469387755,0.732034104750305,0.91304347826087,0.322824716267339,0.882208588957055,0.968354430379747
"433",0.60125,0.399487836107554,0.373266078184111,0.470807453416149,0.564575645756458,0.372448979591837,0.732034104750305,0.915527950310559,0.320302648171501,0.878527607361963,0.967088607594937
"434",0.602875,0.403329065300896,0.377049180327869,0.477018633540373,0.564575645756458,0.373724489795918,0.732034104750305,0.91304347826087,0.324085750315258,0.878527607361963,0.967088607594937
"435",0.60175,0.396927016645326,0.377049180327869,0.474534161490683,0.563345633456335,0.371173469387755,0.730816077953715,0.916770186335404,0.32156368221942,0.879754601226994,0.967088607594937
"436",0.602,0.399487836107554,0.37452711223203,0.475776397515528,0.563345633456335,0.373724489795918,0.733252131546894,0.911801242236025,0.324085750315258,0.878527607361963,0.967088607594937
"437",0.602,0.39820742637644,0.377049180327869,0.478260869565217,0.560885608856089,0.371173469387755,0.733252131546894,0.914285714285714,0.322824716267339,0.878527607361963,0.967088607594937
"438",0.60275,0.399487836107554,0.37452711223203,0.479503105590062,0.560885608856089,0.375,0.733252131546894,0.915527950310559,0.322824716267339,0.879754601226994,0.968354430379747
"439",0.603,0.39820742637644,0.377049180327869,0.478260869565217,0.565805658056581,0.373724489795918,0.732034104750305,0.914285714285714,0.324085750315258,0.879754601226994,0.968354430379747
"440",0.603125,0.402048655569782,0.37578814627995,0.478260869565217,0.567035670356704,0.377551020408163,0.732034104750305,0.911801242236025,0.320302648171501,0.879754601226994,0.968354430379747
"441",0.602375,0.400768245838668,0.37578814627995,0.479503105590062,0.563345633456335,0.373724489795918,0.730816077953715,0.91304347826087,0.322824716267339,0.878527607361963,0.967088607594937
"442",0.60325,0.402048655569782,0.378310214375788,0.478260869565217,0.563345633456335,0.377551020408163,0.732034104750305,0.911801242236025,0.32156368221942,0.880981595092025,0.968354430379747
"443",0.603375,0.403329065300896,0.37452711223203,0.477018633540373,0.567035670356704,0.378826530612245,0.733252131546894,0.91304347826087,0.320302648171501,0.880981595092025,0.967088607594937
"444",0.603,0.403329065300896,0.37452711223203,0.477018633540373,0.564575645756458,0.378826530612245,0.734470158343484,0.911801242236025,0.319041614123581,0.880981595092025,0.967088607594937
"445",0.60325,0.403329065300896,0.377049180327869,0.477018633540373,0.565805658056581,0.377551020408163,0.730816077953715,0.914285714285714,0.320302648171501,0.880981595092025,0.967088607594937
"446",0.60325,0.402048655569782,0.373266078184111,0.477018633540373,0.567035670356704,0.375,0.734470158343484,0.914285714285714,0.322824716267339,0.880981595092025,0.967088607594937
"447",0.604375,0.403329065300896,0.37578814627995,0.477018633540373,0.568265682656827,0.380102040816327,0.733252131546894,0.914285714285714,0.324085750315258,0.880981595092025,0.968354430379747
"448",0.60375,0.402048655569782,0.372005044136192,0.477018633540373,0.568265682656827,0.378826530612245,0.734470158343484,0.91304347826087,0.322824716267339,0.882208588957055,0.968354430379747
"449",0.604,0.400768245838668,0.373266078184111,0.479503105590062,0.56949569495695,0.377551020408163,0.734470158343484,0.91304347826087,0.324085750315258,0.880981595092025,0.968354430379747
"450",0.604,0.402048655569782,0.372005044136192,0.479503105590062,0.56949569495695,0.378826530612245,0.734470158343484,0.911801242236025,0.322824716267339,0.880981595092025,0.969620253164557
"451",0.603125,0.400768245838668,0.373266078184111,0.477018633540373,0.568265682656827,0.375,0.730816077953715,0.911801242236025,0.324085750315258,0.882208588957055,0.969620253164557
"452",0.60275,0.400768245838668,0.372005044136192,0.478260869565217,0.563345633456335,0.377551020408163,0.732034104750305,0.91304347826087,0.324085750315258,0.879754601226994,0.968354430379747
"453",0.603375,0.400768245838668,0.37452711223203,0.479503105590062,0.567035670356704,0.375,0.730816077953715,0.91304347826087,0.325346784363178,0.880981595092025,0.968354430379747
"454",0.60275,0.400768245838668,0.372005044136192,0.480745341614907,0.568265682656827,0.373724489795918,0.730816077953715,0.91055900621118,0.324085750315258,0.879754601226994,0.968354430379747
"455",0.602375,0.402048655569782,0.369482976040353,0.481987577639752,0.568265682656827,0.371173469387755,0.729598051157126,0.911801242236025,0.324085750315258,0.878527607361963,0.968354430379747
"456",0.60225,0.39820742637644,0.372005044136192,0.478260869565217,0.568265682656827,0.372448979591837,0.730816077953715,0.911801242236025,0.325346784363178,0.878527607361963,0.968354430379747
"457",0.60375,0.403329065300896,0.368221941992434,0.480745341614907,0.570725707257073,0.377551020408163,0.733252131546894,0.911801242236025,0.325346784363178,0.879754601226994,0.968354430379747
"458",0.60275,0.399487836107554,0.372005044136192,0.480745341614907,0.56949569495695,0.375,0.730816077953715,0.909316770186335,0.325346784363178,0.878527607361963,0.968354430379747
"459",0.6025,0.402048655569782,0.370744010088272,0.477018633540373,0.568265682656827,0.375,0.732034104750305,0.91055900621118,0.325346784363178,0.877300613496933,0.968354430379747
"460",0.60175,0.399487836107554,0.366960907944515,0.481987577639752,0.568265682656827,0.369897959183673,0.730816077953715,0.91304347826087,0.322824716267339,0.876073619631902,0.969620253164557
"461",0.603375,0.400768245838668,0.369482976040353,0.481987577639752,0.570725707257073,0.373724489795918,0.732034104750305,0.91304347826087,0.324085750315258,0.878527607361963,0.970886075949367
"462",0.602625,0.399487836107554,0.368221941992434,0.480745341614907,0.570725707257073,0.372448979591837,0.733252131546894,0.91304347826087,0.32156368221942,0.876073619631902,0.972151898734177
"463",0.603,0.400768245838668,0.372005044136192,0.483229813664596,0.56949569495695,0.373724489795918,0.732034104750305,0.91304347826087,0.32156368221942,0.876073619631902,0.969620253164557
"464",0.60325,0.402048655569782,0.370744010088272,0.480745341614907,0.568265682656827,0.373724489795918,0.734470158343484,0.91304347826087,0.322824716267339,0.876073619631902,0.972151898734177
"465",0.6035,0.400768245838668,0.37452711223203,0.483229813664596,0.56949569495695,0.372448979591837,0.734470158343484,0.915527950310559,0.32156368221942,0.874846625766871,0.969620253164557
"466",0.60375,0.400768245838668,0.370744010088272,0.483229813664596,0.568265682656827,0.373724489795918,0.738124238733252,0.915527950310559,0.325346784363178,0.874846625766871,0.968354430379747
"467",0.603625,0.399487836107554,0.368221941992434,0.479503105590062,0.56949569495695,0.377551020408163,0.739342265529842,0.916770186335404,0.32156368221942,0.876073619631902,0.969620253164557
"468",0.604,0.399487836107554,0.37452711223203,0.481987577639752,0.568265682656827,0.373724489795918,0.736906211936663,0.914285714285714,0.322824716267339,0.876073619631902,0.973417721518987
"469",0.603375,0.400768245838668,0.373266078184111,0.478260869565217,0.570725707257073,0.373724489795918,0.738124238733252,0.914285714285714,0.320302648171501,0.874846625766871,0.970886075949367
"470",0.603625,0.400768245838668,0.369482976040353,0.484472049689441,0.565805658056581,0.376275510204082,0.739342265529842,0.914285714285714,0.32156368221942,0.876073619631902,0.969620253164557
"471",0.604,0.39820742637644,0.373266078184111,0.484472049689441,0.568265682656827,0.376275510204082,0.739342265529842,0.914285714285714,0.322824716267339,0.874846625766871,0.969620253164557
"472",0.604125,0.402048655569782,0.37452711223203,0.484472049689441,0.565805658056581,0.376275510204082,0.739342265529842,0.914285714285714,0.320302648171501,0.874846625766871,0.970886075949367
"473",0.60425,0.399487836107554,0.377049180327869,0.481987577639752,0.567035670356704,0.377551020408163,0.739342265529842,0.915527950310559,0.320302648171501,0.874846625766871,0.970886075949367
"474",0.604875,0.400768245838668,0.37452711223203,0.485714285714286,0.565805658056581,0.378826530612245,0.74299634591961,0.916770186335404,0.320302648171501,0.874846625766871,0.969620253164557
"475",0.6045,0.402048655569782,0.37452711223203,0.483229813664596,0.565805658056581,0.376275510204082,0.741778319123021,0.916770186335404,0.32156368221942,0.874846625766871,0.969620253164557
"476",0.6045,0.400768245838668,0.37578814627995,0.480745341614907,0.568265682656827,0.376275510204082,0.741778319123021,0.916770186335404,0.32156368221942,0.874846625766871,0.969620253164557
"477",0.60475,0.39820742637644,0.37452711223203,0.484472049689441,0.56949569495695,0.377551020408163,0.738124238733252,0.916770186335404,0.32156368221942,0.877300613496933,0.970886075949367
"478",0.604125,0.396927016645326,0.372005044136192,0.484472049689441,0.570725707257073,0.376275510204082,0.739342265529842,0.916770186335404,0.320302648171501,0.874846625766871,0.970886075949367
"479",0.604625,0.399487836107554,0.373266078184111,0.484472049689441,0.56949569495695,0.376275510204082,0.738124238733252,0.918012422360248,0.322824716267339,0.874846625766871,0.970886075949367
"480",0.604125,0.395646606914213,0.370744010088272,0.485714285714286,0.567035670356704,0.380102040816327,0.735688185140073,0.918012422360248,0.32156368221942,0.874846625766871,0.973417721518987
"481",0.604,0.399487836107554,0.373266078184111,0.484472049689441,0.56949569495695,0.376275510204082,0.734470158343484,0.915527950310559,0.32156368221942,0.876073619631902,0.970886075949367
"482",0.603125,0.395646606914213,0.372005044136192,0.479503105590062,0.568265682656827,0.378826530612245,0.733252131546894,0.918012422360248,0.320302648171501,0.876073619631902,0.970886075949367
"483",0.603625,0.39820742637644,0.37452711223203,0.480745341614907,0.565805658056581,0.377551020408163,0.734470158343484,0.916770186335404,0.32156368221942,0.876073619631902,0.972151898734177
"484",0.602625,0.396927016645326,0.372005044136192,0.479503105590062,0.568265682656827,0.376275510204082,0.732034104750305,0.918012422360248,0.319041614123581,0.874846625766871,0.970886075949367
"485",0.60425,0.400768245838668,0.370744010088272,0.481987577639752,0.571955719557196,0.378826530612245,0.735688185140073,0.918012422360248,0.320302648171501,0.876073619631902,0.969620253164557
"486",0.6035,0.396927016645326,0.369482976040353,0.483229813664596,0.56949569495695,0.378826530612245,0.734470158343484,0.918012422360248,0.319041614123581,0.876073619631902,0.970886075949367
"487",0.604,0.39820742637644,0.370744010088272,0.480745341614907,0.570725707257073,0.378826530612245,0.738124238733252,0.919254658385093,0.319041614123581,0.874846625766871,0.970886075949367
"488",0.6035,0.399487836107554,0.369482976040353,0.480745341614907,0.56949569495695,0.376275510204082,0.738124238733252,0.916770186335404,0.319041614123581,0.877300613496933,0.969620253164557
"489",0.6035,0.396927016645326,0.372005044136192,0.480745341614907,0.568265682656827,0.377551020408163,0.738124238733252,0.914285714285714,0.320302648171501,0.877300613496933,0.970886075949367
"490",0.60425,0.399487836107554,0.373266078184111,0.483229813664596,0.568265682656827,0.377551020408163,0.738124238733252,0.914285714285714,0.319041614123581,0.877300613496933,0.973417721518987
"491",0.60325,0.396927016645326,0.369482976040353,0.480745341614907,0.56949569495695,0.377551020408163,0.734470158343484,0.915527950310559,0.320302648171501,0.877300613496933,0.972151898734177
"492",0.604,0.395646606914213,0.372005044136192,0.480745341614907,0.570725707257073,0.380102040816327,0.735688185140073,0.914285714285714,0.320302648171501,0.877300613496933,0.974683544303797
"493",0.603875,0.395646606914213,0.373266078184111,0.479503105590062,0.570725707257073,0.376275510204082,0.738124238733252,0.91304347826087,0.32156368221942,0.878527607361963,0.973417721518987
"494",0.60275,0.394366197183099,0.370744010088272,0.477018633540373,0.570725707257073,0.376275510204082,0.734470158343484,0.91304347826087,0.320302648171501,0.878527607361963,0.973417721518987
"495",0.602875,0.394366197183099,0.370744010088272,0.477018633540373,0.56949569495695,0.375,0.735688185140073,0.915527950310559,0.32156368221942,0.877300613496933,0.973417721518987
"496",0.602625,0.395646606914213,0.370744010088272,0.477018633540373,0.56949569495695,0.375,0.733252131546894,0.915527950310559,0.319041614123581,0.877300613496933,0.974683544303797
"497",0.6025,0.395646606914213,0.370744010088272,0.480745341614907,0.567035670356704,0.373724489795918,0.733252131546894,0.914285714285714,0.319041614123581,0.877300613496933,0.974683544303797
"498",0.60175,0.393085787451985,0.369482976040353,0.479503105590062,0.567035670356704,0.373724489795918,0.732034104750305,0.915527950310559,0.319041614123581,0.876073619631902,0.973417721518987
"499",0.602125,0.393085787451985,0.366960907944515,0.480745341614907,0.56949569495695,0.377551020408163,0.734470158343484,0.914285714285714,0.319041614123581,0.87361963190184,0.973417721518987
"500",0.602,0.394366197183099,0.369482976040353,0.477018633540373,0.570725707257073,0.377551020408163,0.732034104750305,0.915527950310559,0.319041614123581,0.874846625766871,0.970886075949367
